customer_id,name,age,income,region,account_type
bc0da0de-adc8-4423-9bd4-8f1e3675e585,Kimberly Hicks,37,92684,AB,Credit
abd18e4a-ef4f-4291-bafd-700ba12f2255,Mr. Gregory Chavez,33,37037,ON,Credit
532f1be3-5fb9-454c-82cc-6c015f521886,Jennifer Grimes,39,126015,ON,Savings
441336fb-6de4-4b75-9f41-0db392347085,Cory Hill,47,37561,NS,Chequing
b5a4c896-0fd0-4131-b2c0-96b43be6c938,David Cunningham,65,83840,AB,Credit
ab07a86b-6828-4373-babd-9802971895dc,Tim Alvarez,74,132568,QC,Credit
39a07305-f8f8-4733-a999-c29ca1feede1,Judy Simon,27,129336,BC,Savings
45fee60f-28dc-4819-ad28-d3f30c6418c7,Michelle Lane,51,101334,NS,Savings
8572e3c4-50b1-4dc2-9089-a22bd6e1384a,Teresa Cortez,49,143108,AB,Savings
e56b4faf-fa35-453a-8cf5-93066864537d,Sean Anderson,61,139045,MB,Chequing
71d6a1a9-e2ff-49be-baba-fef59aa6eec9,Rhonda Mclaughlin,54,146319,MB,Chequing
39fc76b8-3313-40c8-ace0-c0a05cc861f9,Mrs. Maria Morales,22,79741,AB,Savings
57774cb2-43dc-4078-ad34-077df4e55eaf,Chase Riggs,36,104626,MB,Credit
3f1e175c-040a-4106-b964-ebc5617dc674,Michelle Gomez,20,126067,MB,Credit
f59256e2-ae2a-48f6-a0ec-5380581c7826,Joseph Stafford,73,113928,MB,Chequing
a4670c8a-7e59-4147-89dc-9638494a949f,James Kelly,36,114533,NS,Chequing
818a4d61-682f-4a94-921a-b23ff77c0bf9,Christopher Norris,39,44865,BC,Credit
19ec6c90-8884-48f4-9ce7-254c029c7ca6,Felicia Lozano,27,67121,BC,Credit
69af9ada-e485-47cc-b465-644ec1af829f,Corey Willis,28,132107,AB,Chequing
44f8acd0-4c65-4d6e-a409-fae5f5eeebe8,Christine Hill,54,134243,MB,Chequing
4c253c0c-e5eb-46b6-a551-76d56a1f0435,Meredith Meyer,44,47912,MB,Savings
5bf763db-a9f9-43a5-a30c-12330294ef50,Ryan Smith,65,106378,ON,Chequing
224d8c1e-8fb1-4e88-ac56-244297626241,Robert Martinez,65,95114,ON,Chequing
7bf08f14-7a6e-4844-b5c6-58e496f45db9,Nicholas Sullivan,28,98553,NS,Savings
ee7a573a-2740-410d-92af-387b0b128f8d,James Smith,36,124333,QC,Credit
55965b6e-f1e2-40d8-8f96-e66826bd04d5,Tyler Allen,50,82944,AB,Credit
5540e4e3-8ff3-40af-a54a-5b40d8fe6d46,Joseph Mcintyre MD,62,139847,NS,Chequing
d8acabe4-f7b0-47eb-9fc3-ae407d95b0ee,Kaitlyn Hawkins,63,87352,AB,Credit
9464616d-e91e-4c12-bca2-3e38f80d6e19,Mark Roberts,59,149371,BC,Savings
4697b593-11e9-4d88-b359-35c2338da9be,Jose Ferguson,25,76112,MB,Credit
d4c8b55b-5267-436e-a06a-78882e2b5eb8,Sara Neal,63,73196,ON,Savings
6b975832-8047-4eb5-94b4-b4ff7e1b4fd3,Katherine Ochoa,61,115126,BC,Chequing
287d0921-a5e6-4729-8b9f-b503b6883755,Mr. Scott Clark,37,30324,NS,Credit
1d074bb0-4b7f-4f68-adbe-8e22e79fef58,Erin Brown,75,34910,AB,Credit
cd7173d1-568e-4732-aa77-188f01baa0b0,David Friedman,62,111502,BC,Savings
2aed00ea-e22c-41e3-82f2-8799e48448ae,Dr. Ronald Garcia,33,47038,MB,Savings
e1f22f6e-cf88-4b0d-866a-8ca91792e96d,Daniel Whitehead,18,114283,QC,Credit
cc939aee-9a36-4758-9925-21aeb6e9bf1f,Robert Miller,47,149783,NS,Chequing
3043a24a-6bb2-4593-a6a8-4bfbeaa725a8,Melanie Bowers,45,94882,QC,Chequing
e36ee48e-54f5-4837-837c-aeccbe34e56b,Danielle Mckay,54,96761,NS,Credit
ecb42241-3215-4062-87aa-471a45c3ab37,David Jones,22,149999,ON,Chequing
a05a1e0c-e5e9-4699-82f3-8ee182148f0f,Vanessa Garcia,60,135853,QC,Chequing
f1946367-8025-4564-99ce-f6cd9e651acc,Jennifer Fry,23,146396,BC,Chequing
cea38c25-ce15-4bc9-967b-be2a2a54b62c,Jordan Duran,31,143353,MB,Savings
cce8f65e-ec5d-44bf-ab18-a74a55eca8d2,John Blackwell,64,33671,MB,Chequing
12469cf1-ff33-4f5e-ad53-b2fc566c59f7,Alejandro Hanson,46,114142,ON,Credit
2cba7312-433d-4e01-a05a-b074c81ef1ec,Jessica Kelly,63,89424,QC,Savings
8a4aad85-3331-4478-a37d-a06cc49de230,Jacqueline Christian,24,73604,QC,Chequing
e2dc90d0-5ff3-4ad5-ae67-056e54ad194c,Erika Landry,24,30014,BC,Savings
566322a4-e211-4149-88c2-5cc5fbc89af6,Pamela Turner,42,74000,MB,Credit
aeeba91e-6e9d-46ae-8cda-3e0bee919953,Dawn Moore,39,120717,QC,Credit
f8557020-1c9b-4b06-9b2b-70cf2bb3d189,Jackson Adams,35,148240,AB,Chequing
8e6e6afe-e397-43c1-9fae-c36934a63704,Phillip Clark,32,67006,BC,Credit
d07190a5-35b6-49c7-ae5a-183e87b85bd0,Gerald Jackson,70,57890,QC,Credit
7ed34614-aa81-416e-815d-624551b40799,Martin West,48,52764,AB,Credit
17e92a16-28da-4885-94e1-8bb04cb57a4d,Kylie Powers,56,132119,ON,Savings
d1e21358-6947-4eeb-bb45-bce2c525998f,Devin Mills,57,53922,AB,Chequing
97196278-850f-4a0c-9e31-33a98d3d2efe,Frederick Shields,50,52458,NS,Chequing
0360ac01-3519-4f53-8a59-25f028d891dd,Janice Taylor,23,123653,BC,Credit
877ca8e4-0344-4737-a2a1-9149ff61da75,Kyle Davis,67,148985,MB,Savings
76d5169b-2619-40cb-8c5b-68077afff7b7,Frank Pena,40,70924,AB,Savings
4e816ba3-1f98-4836-b7d2-f4fff22aab4a,Tracy Powers,64,108985,NS,Credit
b38c4d1b-9cb3-474b-9aa6-b01843bd1f72,Lisa Bowman,43,127462,NS,Chequing
6e251292-5ab5-4451-8b64-07fbdc87b26a,Angela King,41,128815,ON,Chequing
f792f22b-2efe-4eb4-b62e-f15970c1ea72,Melissa Sharp,72,109891,BC,Credit
d641a6bb-ff01-44b8-b2a2-0f7f12b67944,Gina Hernandez,42,51583,ON,Chequing
7ef7e47d-5f33-4a69-8be6-ac05b7cdf2a7,Mrs. Virginia Jones,32,126832,ON,Credit
457392c1-9eb0-46cc-a1d1-884bf12d78a2,Tiffany Price,44,48140,AB,Chequing
5ecae688-9237-4d11-b90c-0ad93d8524ca,Andrea Clark,62,47697,QC,Chequing
60e30c84-e951-4721-88a5-662b3f2f2219,Deborah Garcia,68,100317,ON,Credit
5809ab74-0f0f-49ad-aabe-f364297401b8,Amy Allen,63,131009,ON,Credit
ba2534f5-5cdb-45b1-a30a-72bfc8f94ce9,Suzanne Boyle,30,120811,BC,Savings
0c09fc26-3a48-4d71-b417-23eda1898340,Melinda Fox,43,136356,AB,Savings
af34cfa0-2779-496b-8bbf-9d40991e49a8,Courtney Mcclure,34,130977,MB,Chequing
7d1035e4-efe8-498d-a4fd-f2a27f52bf47,Joe Ward,62,110201,ON,Credit
d7acd454-6911-4e50-bc56-e70d46ebc290,John Williams,46,30253,MB,Credit
92acf5c7-ccbd-44aa-9220-0c8dede46581,Pamela Jones,31,148639,QC,Chequing
047172b2-2ba8-4e6d-a3f2-cde73ee40fb0,Caitlyn Butler,27,115685,BC,Chequing
bd4d38ac-661e-4c48-b388-898b5d27aef5,Misty Thompson,63,114167,ON,Savings
c70bfc9d-7adf-4da6-b0b6-65b83cf5f3e0,Daniel Jackson,39,35918,AB,Credit
cffec919-148c-4abc-8bd6-7d0b1d607803,Ashley Dunlap,63,84832,NS,Credit
b0181993-91aa-4df3-942f-04140114c379,Monica Perez,54,119336,AB,Chequing
3856f26b-6450-4e21-9d5e-36a023a4646d,Benjamin Nicholson,32,128778,NS,Chequing
aafda54a-94a2-4648-b7af-07f93aeab829,Scott Sanders,18,47596,AB,Savings
4b32767d-f10a-46b6-aed8-476c85ee31f8,David Lee,18,33895,MB,Savings
947bc20a-c37f-409e-b196-d0f58121c955,Lindsay Walker,23,119785,BC,Chequing
12d22d8f-88ee-44cf-ae5c-90ffe22abd53,Amanda Roberts,29,30980,QC,Credit
3da4c564-4750-4829-8851-2d7fb2af8c9d,Stephen Mcclain,50,123054,BC,Chequing
e3c8e89f-470f-466e-96ba-3eb90ea99fc9,Richard Barron,69,31827,ON,Credit
6930cb67-274d-41ca-bafd-8042bb3fcce2,Daniel Benson,20,147139,AB,Savings
870c1ef5-db02-482e-8caf-c55892b1d7a6,James Johnson,66,98300,AB,Chequing
cb19a7ce-0422-4132-b952-83109bd52212,Mary Howard,48,109433,BC,Chequing
3a906f74-5d64-4357-b03e-3833105e1c05,Lisa Welch,19,149345,MB,Savings
e6df8df9-9ff2-4cc0-89ca-e0a97e5060aa,Kristina Austin,59,98503,ON,Savings
a32ebdb7-2382-4cca-b2a3-3800d05eb561,Robert Garcia,30,117248,MB,Credit
0ae38683-6e92-4bbc-93f4-cee2564a363c,Evan Barton,51,54583,AB,Credit
2a3438be-c861-4bb1-81f8-455d259e474f,Alison Lopez,34,90104,BC,Chequing
dbb9409d-6c12-43fb-b777-e71cdf19a9c8,Garrett Green,23,147467,AB,Credit
0525d907-2c11-4fc2-9af0-d2f2a8e74c91,Joann Bolton,64,135623,MB,Savings
779ca484-c1a1-4103-a08c-005ef9c78637,Kimberly Brown,56,68637,AB,Savings
ef503fe1-23aa-45f6-98ff-3d6a212f1fff,Melissa Bradford,39,44772,MB,Savings
d93c7ddf-4914-406d-ba86-e3debd8356ad,Tommy Wade,65,62108,BC,Chequing
5a546e7e-8321-430c-86c7-ee189741fb19,Julie Evans,21,101994,QC,Savings
b77f99c3-60dc-436d-af3e-4a5428c027ad,James Davis,31,85890,AB,Savings
c872a612-54f4-438c-8d04-4df57f0f1f15,Ashley Garcia,23,109803,ON,Credit
a68efb7e-30c7-4469-8ed4-47b47d7a11b7,Eric Kemp,40,70624,QC,Chequing
1f01bbfd-2b34-4c87-8c84-7c4904216973,Rebecca Marquez,36,30491,QC,Savings
c38b1b99-7c7e-4af3-8f92-fbaebe0c28fb,Stacey Graham,73,41650,NS,Credit
9ffd9ecd-73d2-4372-bcbd-7f9a04895463,Nicholas Wiley,38,98894,NS,Credit
a99d6e04-6d7a-476c-97e1-d4e49785e5c6,Sharon Griffith,29,130542,AB,Chequing
ea6e6108-3925-43d7-83e5-44b9cc267b6b,Rodney Richards,61,34796,ON,Chequing
0f481491-9e20-464a-8e54-fbeddbaa5ea2,Matthew Marsh Jr.,23,78579,NS,Credit
d89615eb-226e-4639-a2c8-09afba70badb,Claudia Mcclure,26,149834,AB,Savings
bf68820c-9495-459b-9fcd-181219344495,Julie Mccall,30,116214,BC,Credit
18510127-6a85-4bc5-9d42-4581e283d147,Jonathan Barnett,72,61235,QC,Credit
0843fcd1-536b-4408-97a9-ea5319c77748,Samantha Lawrence,21,100787,MB,Credit
497b78f4-6f82-470e-a77d-5e14e4e69510,Linda Norris,34,67091,ON,Chequing
7901012c-67a3-426c-8cf5-aba38a582c81,Laura Chen,49,86936,QC,Savings
92cc1add-481d-489b-94eb-40f7fe759bf4,Emily Miller,48,131884,QC,Savings
58f4edab-169c-4945-86bb-9c637f1e1583,Melissa York,46,55433,QC,Savings
de275699-dbb8-48f8-8c42-6b1d2d705e0c,Anthony Powell,37,47056,AB,Credit
737bef65-0378-4107-8509-e89f7459fd8f,Andrew Martinez,62,148176,QC,Credit
75015b0c-ba2d-4336-8c1b-91b038d48fca,David Love,69,83743,NS,Credit
07e5cc4b-4062-468b-b7b8-465d7e841c12,Debbie Knapp,46,114311,MB,Savings
8ebae1be-127b-4b31-b596-b548c4d9e8ad,Mike Wagner,29,32622,NS,Chequing
b66d2349-7ac7-42f7-b061-8f65d67854d1,Bobby Jackson,30,44713,BC,Savings
d31d0149-44d8-4444-9486-991d2343ad4b,Benjamin Gross,57,100423,NS,Chequing
54aad015-85d5-4c10-96da-f8b26723c84c,Brandon Snow,45,31850,ON,Savings
a5bb774d-070d-44a8-a536-9d8165e6edf7,Antonio Kidd,18,107817,ON,Chequing
6efa428e-3b5e-4a80-96ce-fd86f27e37da,Nicole Sutton,51,102225,MB,Savings
a468603d-dc14-4e35-922c-cb797a22a6b0,Margaret Snyder,42,149722,ON,Chequing
6f78663b-9978-4f99-b6f4-2ec2d7ef0370,Gabriel Garcia,38,108765,BC,Savings
ac4d97db-9a45-4971-8676-e45a1beb520f,Stephen Novak,45,59347,ON,Credit
e71e2b15-ea35-4343-bf2d-92738895e917,Jennifer West,30,81170,ON,Chequing
feab491a-7bdf-499e-9e9d-b41cdc38334d,Teresa Castillo,68,131775,AB,Credit
9091c8d6-4aaf-4cf9-a17a-9d5310b1a369,Ashley Wheeler,50,146755,QC,Savings
e68ff561-7326-4d5d-91d7-420583d54ce2,Amy Morales,41,88858,NS,Credit
984607ab-be3e-4a8c-85f5-0026f19c3bc8,Gerald Reed,38,110637,NS,Credit
171bbec2-91e7-44c8-9a6f-3e583d5e702c,Jennifer Lawson,64,141926,BC,Savings
4cbe951f-ba7b-4a26-8331-d26f4d02ddf3,Kathryn Best,61,54403,NS,Credit
dcd2959d-85d4-48ae-9ccf-23e355e089ec,Samantha Ball MD,45,132550,QC,Savings
9d51a0a9-6a5e-4978-bb0b-8106ff6cfec5,Jill Casey,69,63350,BC,Chequing
ea10181b-b0ce-4988-a831-ced0b6cb748d,Karen Carter,57,130465,MB,Chequing
91ee36e3-9c1b-4f02-96f3-557cd69c9d4c,Jonathan Davidson PhD,27,130155,QC,Chequing
84d99736-8b42-4f74-84f1-6e1f585e265f,Michael Gomez,42,81387,QC,Savings
fd496a75-407e-47a0-88af-cdf564921afa,Amanda Ferguson,44,71384,AB,Savings
7cf4914a-16b2-4f71-9985-11c01dad4022,Tonya Bradshaw,69,128380,QC,Credit
9049d6c6-a0d2-45bb-a758-fa4781cc819a,Joshua Roberts,57,148193,BC,Savings
1376ca41-5f31-4157-817f-8a022ef8ea19,Mark Williams,36,48248,NS,Chequing
158a48c2-989a-4ea9-8c97-6eb94569cb1e,Tamara Moreno,39,58327,AB,Credit
9400e169-426b-4fcd-b11d-dd3a844f754e,Teresa Johnson,24,120181,QC,Chequing
7088b72c-90d8-415c-9b93-080b83a423a6,Jonathan Smith,53,113711,NS,Savings
d5319ae8-e9dc-4df3-8eaf-ac7d653e5f5d,Joshua Thomas,29,144058,BC,Credit
0e646d93-9b6b-420f-8260-21ff54858770,John Kelly,55,136520,MB,Chequing
e3f97f7e-ccd3-4ae1-b761-2b0810ec4d47,Robert Cohen,30,50681,AB,Credit
0fe25f5b-5f5a-41d8-9eee-070387704ed4,Adam King,26,53557,AB,Credit
93316442-6a04-4387-be49-51887e506421,Michael Patterson,22,129784,ON,Savings
dba7a660-f1c5-4b44-9a83-9d5359bbe933,Mathew Bell,44,59073,AB,Credit
c0c74e5a-a348-4dd2-b8dd-f45dd4853097,Suzanne Walker,51,37813,NS,Savings
5400a279-4c78-4ec6-8854-c784f1408d82,Ashley Porter,48,83080,MB,Chequing
61c58e35-32bb-4e68-ba87-b1c7b4dc52d0,Deanna Alvarado,66,46140,NS,Chequing
363382be-f77e-4392-bd04-5dee57267f64,Joseph Moore,23,32236,NS,Chequing
5fd88d4d-c85c-41be-b784-3a25acc03ae0,Julie Good,45,149524,BC,Savings
3a8a375e-be81-4c6c-94e0-e78cbf2b74da,Patrick Joseph,57,148001,MB,Credit
59ae62f2-fd9f-47b3-a5bd-23d729bf25d0,Gary Riley,22,142876,QC,Chequing
588dd357-3086-4db3-92d2-bbb16d2c44ca,Elizabeth Davis,19,70833,BC,Chequing
bff48f82-df9e-46a1-982b-aedb9ce78bb3,Timothy Gonzalez,55,131216,MB,Credit
53e651f2-e3b8-444a-9b00-97b0a3564d96,Alexis Harris,26,97856,ON,Credit
eb2714ee-86bb-4c03-8cdc-7dbc4810b221,Eric Anderson,36,115095,BC,Savings
835c8b5e-1f5a-4f64-8636-ce5d2a470b42,Crystal Butler,45,109152,NS,Chequing
7d324d42-75d8-4d1d-a275-bf9b23374a42,Sabrina White,24,130560,QC,Credit
44c24e20-ffb4-478f-806b-72b1672e6b2b,Jonathan Barron,51,117942,MB,Savings
fbee84c1-217b-491e-b472-42d960f8f6db,Amanda Johnson,75,72468,NS,Credit
837afd9a-1424-419f-9134-36cbbc25fa6e,Christina Morrow,58,71991,AB,Credit
0d10fdfb-0b2d-4931-9d22-31b59f95a8de,Stephanie Horn,18,64493,AB,Chequing
59d868c1-9918-4dea-a3e1-c3b959fe40ac,Parker Brock,66,118232,ON,Credit
e77339ba-ea74-421e-98d1-e83aa51369e1,Sarah Manning,58,43404,QC,Savings
19076450-81a9-494b-87cb-85f0a7b619dd,Kelsey Small,41,129710,AB,Credit
0360ae87-7f39-4490-85e7-fa704d44761c,Amanda Zavala,25,88123,ON,Credit
1d3fc065-ab34-47c0-a138-fef0ff3d4967,Robert Cardenas,67,126325,AB,Credit
6f640b35-82b0-468c-bc4c-b40429fd63e7,Ryan Collins,34,105638,ON,Savings
338d0c34-580b-4df8-b179-05c1327e50dc,Mark Oliver,53,147068,QC,Credit
b930f841-c07b-46dc-826b-9dbf9ae93757,Jeremy Gomez,33,100997,BC,Savings
8b05b51a-ee29-40dd-b825-e7751a58f5bf,Rodney King,26,103656,BC,Savings
acef9e98-e0a3-48cb-9062-f9be7f96bd6c,Tracy Stein MD,71,68317,ON,Chequing
30b507f7-21f8-4618-9421-d5d3416146c5,Pamela Torres,33,31011,NS,Credit
2851949f-60d4-4bed-b8ab-0a9c29741410,Luke Stephens,31,45625,BC,Chequing
add8d9f7-173c-4974-84a8-2236d96bdeb0,Jerome Hill,65,84159,AB,Savings
3d57ba2e-a789-4bf4-b5dd-1f9528e96661,Christy Barnes,23,44680,NS,Savings
636d0f5d-04e5-4357-97d1-3b3adf03d266,Tim Ashley,60,146402,AB,Chequing
02891520-064f-49c6-9dce-fe18cd76b71a,Robin Ray,59,148739,ON,Credit
42a0aaca-fb47-446f-ae60-004a95c04af4,John Jacobs,36,113355,NS,Savings
63458dc0-b376-406c-aa27-b6fe7e3984a4,Jason Gonzales II,65,101653,NS,Credit
4384972b-ed78-4a20-9c85-09abb5519bf1,Jennifer Alexander,50,149315,BC,Chequing
542503af-a690-4f46-9e3d-f90a8a11964d,Dennis Bates,54,77761,MB,Credit
fb98b082-3340-4778-b156-3198bfe76249,Mary Fisher,26,78949,QC,Credit
aa65e37c-4329-4d95-ae0c-a9b7e7600397,Christina Young,70,70636,AB,Credit
7946572d-59a9-49d0-86ae-07abd396c2d8,Kathleen Smith,68,125477,AB,Credit
f43bc544-06fb-4dcf-bbb0-bdf0e583f380,Charles Little,55,117297,NS,Chequing
06924b39-d2e9-4fc8-b3e7-edfb96abf00a,Tyler Jordan,36,122126,BC,Credit
c4ad570f-0257-4d45-8f9f-17e38c0bf97a,Sarah Johnson,44,43060,ON,Chequing
585602c6-d47c-4532-995f-4e068e218ee3,Elizabeth Hanson,36,95104,ON,Savings
b5237505-dbd6-488e-9048-675ce1173bc4,Pamela Yates,64,101948,ON,Savings
847198ca-d4a4-4ded-ad23-7cc5a8d54a64,Richard Wilson,32,72465,ON,Credit
247cf126-16f4-434a-8fd5-c548848b18d3,James Kelly,49,125687,AB,Savings
3bd8e0b2-2b6a-451f-b702-07d2881107e3,Yvonne Baker,43,52297,AB,Chequing
03ab37cd-2386-497e-8664-7df4788245e0,Virginia Vaughan,51,48033,QC,Chequing
10dbeaae-72fa-458e-918d-3531c4763386,Kristy Harrison,69,33745,AB,Credit
b35d05fe-66cc-484f-b00c-c9471d763618,Joshua Walker,37,142353,AB,Savings
afa5eb22-22d2-43eb-9712-e65d106e3d49,John Adams,75,104770,QC,Chequing
de553ecb-cb8d-433d-b25a-eccee65f85dc,Randall Spears,39,32243,NS,Credit
440217ff-5ac9-45fa-8dd6-61f15e3135fd,Krystal Williams,35,79920,NS,Savings
5f4773e6-df39-4216-b315-2f0b32a50cf2,Patty Hicks,44,123708,MB,Credit
5b9962eb-df70-4090-a8ee-5542ef214d82,Christopher Morris,61,39190,BC,Savings
d9d123f9-89c0-4942-93e7-888853cf1e3e,John Brown,65,84401,AB,Credit
8f2b609c-e55b-4c01-a6a6-6c05be20e1e4,Brian Stephenson,33,144497,NS,Chequing
5671a14c-658f-4226-b895-042ca951f57a,Mr. Michael Scott,61,119919,ON,Savings
1eeea7f2-4e80-45fb-8b3c-b70cbdab610c,Katie Williams,29,109410,NS,Credit
c749340e-4c78-4b9e-9247-292dfed4d948,Lauren Mendoza,40,40657,NS,Savings
cbf27e54-aa70-4e19-b88c-0dae297a0af1,Carla Gordon,58,107789,QC,Chequing
0cfaf419-c5f9-41b9-b0cc-79a019315bfc,Diana Gomez,61,105534,AB,Savings
52f05248-9ac6-4a11-84fc-905e55b44c97,Linda Bennett,67,88640,ON,Credit
f23ebab9-91f7-4dab-a83d-8c1374c0b3f8,Kimberly Bell,19,84271,NS,Savings
b5fe9859-02b4-4438-9fe7-7d81519c51ef,Mallory Anderson,57,140644,AB,Credit
22924f02-5ff6-4f7b-9d53-8f1701c38cbf,Michael Hill,24,141861,ON,Savings
92186e5b-4588-4b07-8a00-11237278d576,Dawn Watkins,73,116922,BC,Savings
f288f3d4-f042-49a2-a340-17baa8311533,Patrick Paul,20,85354,QC,Credit
229a658f-94c0-4ede-8872-9b941a8f2194,Roberto Velez,49,140009,AB,Chequing
7fa04965-d510-4996-bf23-9faf72e58850,Melanie Bryant,24,69426,AB,Chequing
cb70f12c-1efc-4c1b-82f2-53a98eac5210,Andrea Barker,41,109594,NS,Savings
02670edf-378a-494c-95b1-33f68b6c1133,Jake Gonzalez,56,109474,BC,Credit
6b221d3a-f3d2-4be9-9ead-c5f7e649205e,Kimberly Davis,20,120639,QC,Chequing
f2b6e552-a990-4d6f-947f-fbacd51c5eb5,Dr. Andrew Smith,54,116550,MB,Credit
d7431bd5-9cf2-4858-8f1d-a8c64d973382,Kara Navarro,54,87088,QC,Savings
1d7e9320-7fbb-4684-8497-12fd866e7f65,Megan Morgan,73,143720,QC,Credit
578d3eeb-f6fa-4970-ab56-4a7115c5f9d6,Breanna Moreno,56,30791,NS,Credit
0b1ac165-bc5f-4bc5-8609-cf6e4807cfc7,Allen Johnson,21,141882,ON,Chequing
2017751f-0f46-430b-ad63-80541b40fc3d,James Conley,31,98273,QC,Chequing
cf0165cf-1cae-4246-ba14-b7e34d5a6222,Richard Neal,36,62246,NS,Credit
46ac798e-13e1-4766-a48e-5ce52764dce0,Jacqueline Lee,69,69535,AB,Chequing
7e1a6130-1c03-4346-a0d1-67cd99417b4d,Alexandra Martinez,20,39906,NS,Credit
d7819c08-28e9-4e06-b168-6684a3337559,Jeffrey Johnson,62,72808,ON,Savings
5322d822-5fb9-46a5-8500-ee7bcd799370,Mr. Adam Mclaughlin,30,111480,AB,Chequing
0d9e1f7c-6a22-4dc3-a8f8-cde48c79c81c,Todd Smith,75,34593,MB,Credit
f956be75-bfc4-4e5b-bfab-5b465dbe4c97,William Spencer,18,91129,AB,Chequing
dda814bc-f1eb-4f95-aadc-e54ed884412a,Randall Burns,22,127846,BC,Credit
4accdbbf-9cfc-4574-a5f4-93c850b2bb58,Angela Gordon,64,139147,BC,Savings
37428db1-0614-4339-bc1c-1ef11d2a13a9,Kelly Waller,18,66962,QC,Savings
2e2d0d90-24d8-42df-b88e-19a82973ad37,Ryan Robbins,19,147790,NS,Savings
b5ab1ca1-70db-4894-a137-b231001158ce,Caitlin Smith,50,146829,ON,Credit
e64c12ea-4368-4ab5-aec9-e03ddbfb97d2,Victoria Randall,46,53121,NS,Savings
a195168e-e7d9-479d-8064-f581f8752dd3,Gregory Taylor,67,66338,NS,Chequing
3a5a5160-fa51-4841-9fa7-356c25fabbc4,James Dunn,65,120026,MB,Credit
aa9f7893-1bd5-44c6-bd6a-75757e37d3fe,Jonathan Ortiz,51,144610,QC,Chequing
2d1f7056-eefb-40cb-b519-ef674a8ccb78,Wendy Evans,21,58354,MB,Savings
e7e05da8-2215-4227-a8be-a9007cb32a4d,Krista Barton,43,139036,AB,Savings
4b8ec3ca-f879-4808-bbf6-b5691361159c,Diana Rodriguez,31,78954,QC,Savings
43d444dd-d3a2-4aed-a70d-1b1574b7622b,Beth Lane,51,134864,ON,Credit
eb452124-fac0-43e8-8377-6abc55c39772,Manuel Long,73,141131,AB,Savings
0c3394bc-a251-49f1-b23f-fa2a936d59fb,Benjamin Long,38,106936,QC,Chequing
722adc61-0c6e-4f23-860c-becf2aebf502,Vincent Morrow MD,26,98947,QC,Chequing
4e1068bf-4f0d-453d-8adf-b9ec98c2f30f,David Long,59,72642,NS,Credit
0eda4aa7-8859-4efb-95d8-f5992ed6bea3,Jessica Smith,27,130720,AB,Credit
27e60826-1424-416b-ba8c-7d60b28a6a85,Eric Moore,67,82193,QC,Chequing
86df37d5-29a1-44e6-b8cf-c60a6306130d,Karen Holmes,40,67850,QC,Credit
e90c8cf3-d044-4267-b8da-9494b4667371,Christian Carter,45,74502,BC,Credit
1ddeb744-f1fb-4500-bf63-9e596fe6e006,John Ortega,27,36932,QC,Savings
34c1409d-a353-43cd-822c-67fc1c12baf4,Ryan Wagner,46,66786,QC,Chequing
2b9c0800-6d89-4c71-bda7-511754c924d8,Raymond Ware,49,92037,BC,Savings
4f943160-0c59-4255-9410-b8b06742b2b9,Thomas Gregory,64,138410,QC,Savings
73c46ce1-b757-42be-a407-dc43d59650c4,Derek Jones,36,114326,ON,Credit
94448c38-1397-40b3-a5e0-462d82398c7f,Pamela Miller,19,45300,AB,Savings
3865cd50-4c60-4f1c-a213-1675b135f3d2,James Morales,54,55031,AB,Credit
8e4c2f9e-639b-45de-9fd4-b04f1d292cc6,Jared Hawkins,54,34955,MB,Credit
c71c697e-4e56-402c-a63e-1b3f3bdb8edd,Jaime Wright,68,128400,NS,Savings
1b9bc06f-9b68-437c-a4bd-6c2f3627cc65,Jessica Wheeler,73,93672,NS,Credit
959e67f0-c413-4fc1-8e18-4d7b396462b0,Kevin Hodge,58,92953,ON,Chequing
4eeb2f49-28c0-4e08-b82a-389828d08167,Amy Rodriguez,62,35504,ON,Chequing
b8c41e36-9fa2-4cd4-bb2f-33f90722cf59,Donald Brown,31,103826,NS,Chequing
d4272448-dc5e-480d-b9fa-7c9b614dcb0f,Elizabeth Larson,54,44679,QC,Savings
926a2c97-8548-4a96-9d46-8be72bdf19ca,Nathan Webb,59,101861,MB,Savings
cb1a9b0f-380b-4108-961b-d7d8d5e3bc4c,Jessica Hobbs,27,142673,QC,Savings
1ba481b5-ffc9-4dee-aba1-4329bd1a8dcc,Rhonda Gonzalez,18,92963,ON,Savings
f0b1986d-70c1-40aa-aed5-64f6c4723b5a,Julie Levine,46,130164,NS,Credit
9f95bb7f-cb2e-4fd6-8e5f-656414fce6bc,Maria Smith,41,50289,ON,Chequing
67c0a8f8-bdcb-4cd9-a2fe-1bb91239964e,Larry Moyer,43,80898,ON,Savings
8dd9b019-9cf3-4ac5-abd2-0c7135bbaf49,Ashley Morgan,39,42712,NS,Credit
709241ee-53f3-4524-8516-65a097c31fd4,Ariana Medina,65,106122,AB,Credit
f96dc4ab-7490-4884-bfd1-ec5558da32b7,Mr. Joseph Walton DDS,26,146414,NS,Credit
9918026b-0d96-4554-8134-0a0c231b2e98,Jessica West,36,138884,QC,Credit
e0267622-555d-40fe-8991-c81ae9193570,Joseph Scott,47,97216,QC,Credit
7e4f83eb-0df1-4672-827a-e3b9833d1baf,Crystal Hernandez,64,118098,ON,Credit
6e9e3029-2d33-4b3f-948f-5a02e292c4f1,Ross Monroe,26,79052,MB,Chequing
69e56555-1ba0-416b-a087-b3958bc8c1cf,Christopher Miller,71,51497,QC,Savings
1947395e-19d6-46ff-8beb-aa6c8c81d69a,Larry Blake,30,40255,ON,Savings
1e5b8e2d-e0c4-43bc-8350-6faea3c1ae94,Richard Ellison,25,88837,QC,Chequing
b86ec5da-8060-4f62-82cc-cbbd4b8ab2c3,Angela White,63,55054,QC,Chequing
eaff4f15-a7e6-4dd8-9ee0-3a132a7af4c4,Jessica Garza,46,109708,ON,Savings
9418f370-24ea-4614-b348-c1a40189ef48,Vincent Vargas,69,44064,MB,Savings
91369d59-5b3a-4df5-81b0-43fa8dc7a2aa,Ashley Brown,49,50170,ON,Savings
94036412-af5b-4712-a8fb-a5ddc8c7f1ea,Danielle Thomas,51,140246,AB,Chequing
931a6807-5933-4504-afd0-0872b17cb4fb,Matthew Dominguez,41,86054,ON,Credit
692e5db2-11ac-4abb-839d-a8072eca8603,William Sherman,61,108417,BC,Savings
8466f86b-d07a-4e61-99a8-3125af192527,Jose Ware,61,120303,ON,Savings
6f07528a-6f01-4c56-9496-139ee167d4df,Vickie Lam,66,52597,AB,Chequing
3c8248bb-3f7e-44d4-87dc-4421c12bfa33,Daniel Gonzalez,24,115290,QC,Chequing
4175c5f7-8252-4afd-ad6b-fd10e976eea3,Anne Williams,75,44360,BC,Chequing
94274a53-79d1-4089-a9bf-ab7c6a7b1f53,William Kelly,22,102639,QC,Savings
c0e800f3-f37d-4a33-b3a7-cd5d97406877,Mark Ortiz,75,40479,ON,Savings
2f708a7f-30e4-4b85-8278-e78e3ccf2b10,Raymond Walsh,75,99246,MB,Credit
30a33a87-75d6-4f3a-bccc-a21fb48858c1,Thomas Wood,49,90894,ON,Chequing
06514c35-3c3c-4ba9-a112-4d1fa337f9a0,Terry Banks,30,41218,ON,Chequing
72a68756-0c47-46bb-95af-7656df9dad78,Billy Torres,52,143489,NS,Savings
1d0848aa-bf82-4a6c-a1ef-595946d574f2,Randy Henry,59,47191,NS,Savings
152df69f-885d-426c-8aad-db105e7117de,Terri Davis,32,81160,QC,Credit
8e80dc47-e074-4199-aa31-3e70961bca77,Michael Pugh,70,34539,QC,Savings
e53200b5-4f1a-4357-baa4-abecc6716d23,Heather Lopez,53,124359,MB,Chequing
1d106e8a-4bd6-49bb-96cd-642baba04263,Matthew Robinson,26,114460,BC,Chequing
12cd0d8d-c28e-406a-816a-04cdc90eb5c4,Stephanie Bauer,29,76919,NS,Chequing
b78947d3-3a9b-4ae6-9c5c-6b7f3602c58f,Steven Foster,43,81884,BC,Chequing
bec6bf4c-4d43-4db8-8754-80e705935349,David Rivera,29,87747,ON,Chequing
43238d65-e11d-47cc-b893-b5c57b4be06f,Amanda Martinez,27,104721,NS,Credit
51df043b-3eb4-4bde-891f-504e942999fa,Robert Young,57,132249,ON,Credit
fe4610f1-9a16-4d29-8ded-59538f308682,Anthony Fischer,30,53453,ON,Credit
21aa7d87-d2a8-4aeb-8b98-97c20f060ddf,Adam Russo,64,82569,BC,Chequing
413a6c0f-1f35-46af-9647-8af7a490c50d,Christopher Sutton,71,135563,MB,Savings
c5907344-0968-4f3e-9d62-e8d087bfc2ee,Kathryn Thomas,75,55829,AB,Chequing
725c0b65-e67b-4707-a32f-1cc8dae9238b,Vanessa Rodriguez,41,43944,BC,Savings
b90703b6-8625-4161-91a1-c3ca11b1b652,Tony Taylor,69,74632,ON,Chequing
c48aab1f-13ea-4bce-843e-000c794f365e,Aaron Allen,55,104796,QC,Savings
8d5631b9-94f4-494a-a484-2911521608e6,Dave Boyd,63,105901,AB,Savings
5e4645c0-266c-4b85-9d1c-02a4ea75e8de,Jade Anderson,62,147058,BC,Savings
6c3f8ab1-061a-4a55-aa01-6dff97afb4a9,John Roach,39,41122,BC,Credit
109a05f2-5dc6-4328-b243-c1bed863cf90,Max Steele,37,49051,MB,Credit
38310e15-a482-4ffe-a935-819d2c0aae2a,Amy Jordan,60,148693,MB,Credit
358b0242-24de-4962-b822-47c87fbc3d58,Patricia Cunningham,68,148711,QC,Credit
aa3b8c9e-82eb-4637-9f86-dfd7032c761e,Vanessa Potts,54,77954,AB,Savings
939d0bdc-6fc9-4cde-910c-3ef49527ac3f,Jason Wallace,67,56724,AB,Savings
84ecb80b-aac3-4c52-8bef-2db638373a79,Cynthia Reed MD,62,121664,NS,Savings
6d104aaa-cf63-42e5-920b-682cde6a1196,Patrick Snyder,68,118252,QC,Credit
cc9d6c6a-4249-46e2-ab76-2864c3daecc0,Stephanie Buckley,65,71590,ON,Credit
b721fe91-8f2c-4947-a95a-60a0afa3b35c,Mrs. Lisa Bryant,19,90363,QC,Credit
7f10fb1c-640b-4436-a550-20c0dd84b690,Daniel Donaldson,46,93091,MB,Chequing
cac9f263-3e97-4c40-baa4-e210df915db0,David Roach,31,55970,NS,Chequing
1ba1f84d-f403-4365-8af8-9f17e5588a21,Kenneth Greene,32,131901,NS,Credit
cecca2f1-32d6-4d7b-b8c3-3d08566769ae,Lisa Hernandez,26,52248,AB,Savings
46fb1c07-9e7a-4955-88c3-d27789dd5f67,Douglas Sandoval,33,54836,QC,Chequing
2f7ee725-fc05-4294-8814-0827475b5075,Stephen Walker,52,132402,NS,Credit
44ece99d-f0bd-4f77-a507-bed019e77e44,Katherine Morris,38,95258,MB,Savings
a3484938-62f8-4f5f-bc70-7a76e759275f,Adrienne Bryant,39,133668,ON,Credit
9a4e0098-12ec-446d-ba64-6391ba8b1cd8,Amber Lawson,33,30490,NS,Credit
1aa4c380-fe6d-44c6-99f0-b6c0d9637c2c,Linda Aguilar,36,81401,NS,Savings
6eaade11-2d46-4e04-ade5-b778b9ed6b3b,Judy Lang,61,114058,MB,Chequing
be8fbb92-2bb1-41e2-b513-959303184c31,Christopher Miller,43,40611,ON,Chequing
14852dab-9598-4ce0-98d4-3e88bf8b93ce,Elizabeth Neal,27,43204,NS,Credit
6df52410-bb3a-4b86-9977-d34d2c89b4c0,Scott Parker,45,35513,NS,Credit
11b2391d-d32e-497f-bd5d-3d3ba058be7b,Lori Newman,20,118717,AB,Savings
9c53fd98-5d5d-48c6-907a-74d6e594abd8,Peter Mendoza,65,127237,AB,Chequing
9086842a-94d1-4093-bbdc-f39b3f2a0922,Jessica Morgan,39,96225,MB,Credit
0731e929-0735-4667-a765-b794fbb10251,Melissa Sanchez,55,37201,QC,Chequing
679ea21c-024c-42fb-a5dd-80f0118b949e,Matthew Richards,28,32237,MB,Savings
84119028-6f7a-4a85-bcc6-5c1fa7ec1e3d,Jonathan Anderson,57,85025,NS,Savings
d250e4b4-29f5-47e3-8890-eb8d489c6477,Sandra Martin,72,93118,NS,Chequing
bb15f41a-0d37-4719-bdb9-e7d12af73927,Amy Tate,46,139720,QC,Savings
fa4617a4-9522-4235-bb66-8b55df775958,Lindsay Sanchez,41,41107,NS,Chequing
7ea700d6-f9a1-4fbb-8d36-9fc9a3bfe5ec,Angela Stone,21,30300,BC,Chequing
5a00ee4d-b662-4ec4-81ff-e7a2258e2b59,Christian Johnson,64,84222,NS,Savings
f9285c18-c853-430e-8114-af8e33cbae39,Ann Lara,40,40275,NS,Savings
191321af-112f-4de1-91b0-c1509e2efe86,Susan Kennedy,21,73767,AB,Chequing
e16acb6c-03f2-475a-8d6a-5664c1e3c280,Stephanie Jensen,43,100754,MB,Chequing
86d51df8-13f4-43e1-87ec-db5ab22fde14,Anthony Thompson,50,80179,MB,Credit
8b872012-6cde-475b-9f98-76d2b17666b4,Shawn Adams,58,40621,BC,Savings
183f6a39-dcf0-463f-939b-a2a088d2252c,Dr. Nichole Strong,23,128530,QC,Credit
e3534a03-4933-41fa-8190-75e4666f1ea5,Steven Williams,18,48880,MB,Chequing
63bf2544-9c60-47ce-8de3-0b4e7bd4be60,Lindsay Fernandez,18,95731,MB,Credit
c44c6be1-e865-4b94-8fa9-9cfa9135bbf1,Amber Stafford,59,122634,AB,Credit
d85cc672-48a7-4b2a-b6af-e6ece57e3d50,Diane Williams,49,110009,MB,Chequing
858934b7-a091-4644-b0c0-7dccf0a67c2e,Jimmy Gordon,34,75715,AB,Chequing
8c767d74-cdf8-4017-8132-a6e9ea614ba2,Daniel Johnson,36,134185,AB,Savings
28fca66e-dd82-49e6-9f09-675fbc57d76b,Katrina Cowan,41,113564,ON,Credit
8cbdb412-cf52-4210-b1dc-5add6424592e,Jocelyn Larson,25,44712,MB,Chequing
289b292d-075a-4843-9bd4-8bf73772645a,Richard Cook,38,67417,ON,Chequing
a55385ad-a27b-42c4-ba9e-76ff34a6f589,Cassandra Aguilar,72,43026,ON,Savings
c78fe89a-a8e9-417f-a529-da742151e32c,Angela Gibson,36,118790,MB,Credit
6cfd2fc2-a2bf-4a8e-a801-530cfdbca8ae,Gail Woods,37,83061,NS,Credit
d50a1217-e66e-4bc3-b135-17d21926a14b,Reginald Wong,41,41456,MB,Chequing
1ebca44f-dfa0-443f-893a-3b55112fe87f,Jennifer Ferguson,59,94001,NS,Chequing
500308a4-7aa6-41fe-a70f-8f5ff71c3aa7,Crystal Webster,35,115901,BC,Savings
b7647a6e-7f3c-4310-a17b-5edd5df2e59b,Sarah Winters,57,33731,MB,Savings
0c915efa-d0ea-4544-a3b4-3c577aae6b87,Robert Wilkinson,20,114875,BC,Savings
a81243b1-5be9-4b6e-9401-ddcde516f2f6,Melissa Bright,41,145991,ON,Chequing
b6bccfa7-f721-4549-b5ad-3c33205c3dab,Robert Harris,63,112449,NS,Chequing
89a687d8-9d09-4ff2-bef2-c6bdefcbaf92,Richard Hunter,39,147626,NS,Chequing
baa96dc8-f87e-45f9-b9d6-6774b783ddf4,Jordan Rodriguez,37,115948,NS,Chequing
e65b5043-e365-41a9-a91a-01758dc34a66,Scott Travis,19,113887,BC,Chequing
c7877169-f510-4c71-ad6b-223cd3953eb1,Sherry Roberts,24,98001,MB,Chequing
496fd697-14c5-4d62-8af0-dcc0d57a6fd6,Lisa Cooper,71,117724,NS,Savings
dd3758a4-550e-4e36-add7-e46ee5527015,Eric Jimenez,34,45784,QC,Savings
a23cbbb5-5c16-4bef-94fc-2c50676bd4f9,Jonathan Jones,20,137774,MB,Chequing
4502ed29-b9d8-4cdd-bbdb-cd94bfdb4e45,Amanda Austin,34,67606,AB,Savings
75fb78e6-40f8-4ad3-b78a-b1e7f14c3d71,William Rogers,68,113067,QC,Chequing
ecfbc9ba-a427-4401-96c6-5ae753d3fcb3,Katelyn Thompson,56,57704,AB,Chequing
d6a1ac58-5d33-4b28-96bb-8d099c908cc6,Brittany Wilson,41,81080,MB,Credit
e5fe669c-5981-4146-9a7e-82691faadd54,Jose Edwards,30,122814,AB,Credit
87bb5fee-36fb-4a7d-856c-7c43e87e35a8,Ricardo Harrison,21,74431,ON,Chequing
075876f3-c034-4ccc-b3a9-2ec1f2129f9d,Steven Stevens,73,39811,NS,Savings
dabc24d8-1adc-455b-9d98-c3c1e832b9fc,Faith Anderson,71,100009,NS,Savings
5a1c00e4-5d3b-434d-8ed2-794fe5628ebe,Joe Snow,42,141677,MB,Chequing
ed1b72d6-c767-4103-a35a-f48e5335750f,Jeremy Wolf,36,134853,AB,Savings
6b015fae-7352-49cc-b198-4467c89d68a2,Brittney Wilcox,64,43623,ON,Credit
af457d79-3e74-4da1-8591-6b6e8c9fdec9,Paul Farrell,39,38232,QC,Credit
d0537bd4-795d-4416-a78d-f3a5a9aa1874,Keith Hickman,64,97242,NS,Chequing
b5059248-42dd-4717-8c64-c08b6ba954e0,Tyrone Holland,51,139398,NS,Chequing
cb3caf30-6767-4fa9-b1c5-a381e5c0cfba,Crystal Harvey,35,76344,QC,Chequing
8a6db1ae-03ec-4556-9774-7bdf53458c32,Maria Miles,75,83127,QC,Chequing
3e9c0ae8-3f25-488f-9ac7-f98025dd7aef,Mary Newman,50,146577,ON,Savings
5945c517-7cf0-4e07-826f-fd65d9bb297d,Jacob Wood,47,30522,MB,Savings
ed0185c7-42cc-4d9f-a348-1b6c54f4533c,Amy Hall,33,146588,NS,Chequing
462867f3-58fe-4a82-8ee2-daae0be1b762,Cindy Garrison,55,126276,BC,Chequing
a4412556-aaf8-4621-9c4c-c82da0b75462,Paula French,34,117842,NS,Chequing
a5956e5f-1678-4616-86ee-057f99ca9fca,Kathy Prince,31,107985,NS,Chequing
b438417f-2725-4bcc-82ee-c17136755525,Regina Smith,41,99885,ON,Chequing
06becad1-9504-48c0-9251-c4dd4c06b3bf,Mary Lewis,45,116730,ON,Credit
347ad0b1-aca7-43c5-abd9-a7227bb58d9a,Lori Mcdonald,55,107326,AB,Chequing
ccd89930-30a6-48a7-a94d-277bb44b1192,Gloria Ray,31,131452,MB,Credit
53386082-c145-432c-8ec7-5ebcb003d978,Savannah Schultz,18,78765,NS,Chequing
72554e3f-321d-4eb6-a4f5-14c14ca8e7e2,Bradley Hicks,29,139678,MB,Credit
53e5dcf5-bc2f-4548-bb63-15e0300ff16b,Jason Mendoza,71,147571,NS,Chequing
41cd1822-1c9f-45d1-a3d1-a3e70f14dae6,Omar Frazier,32,51709,NS,Chequing
18c48160-d5e5-4015-ae45-3725407a0d03,Jennifer Contreras,62,106536,ON,Savings
d1b245c0-5741-4031-b217-a27265c4dfd6,Rebecca Newman,72,105561,BC,Chequing
6d45bdcf-53fb-4c5b-a901-fc156e53f677,Karen Nelson,33,59327,QC,Credit
0868b3b8-cab9-4347-a713-46f1850f9b00,Kimberly Gonzalez,61,130694,ON,Credit
ed7395c6-8a47-4995-90b5-c6460a63fea2,Lindsay Nunez,61,78801,NS,Chequing
924c2297-408a-4c32-9cdc-22245279292d,Morgan Clayton,39,39227,BC,Credit
a7ac07f7-ae02-459e-8d0f-418fa18cd931,Gregory Brady,63,127868,BC,Credit
a44b9c0b-79ce-4fc8-acea-be4fa78b16f4,Eugene Villarreal,68,108316,NS,Chequing
eb7ea74b-85d4-466c-a78c-3f566bee425c,Nathaniel Watkins,74,67309,MB,Savings
557155f5-b4fc-418b-a157-22c201311666,Stacey Wolfe,68,117187,NS,Savings
b074eaab-7ae9-4718-82e5-847bebce0e20,James Carrillo,72,135364,ON,Credit
b1485337-021c-4c3e-9a55-617a4e8dca1d,Ariel Holland,27,139654,QC,Savings
b332ed93-2841-454f-b516-d533a0b9dd07,Theodore Wells,43,116055,BC,Chequing
9219e8be-9590-497e-be3d-bc67850a0672,Gregory Johnson,49,106188,ON,Savings
c2f50367-3472-4d56-835f-5d4e03125a96,Anthony Barnes,74,103950,MB,Credit
61856418-2ce6-4444-9f57-b4723b1d59e2,William Kelley,45,42212,BC,Chequing
7b2259cb-e261-415b-9987-f5663478ae80,Daniel Gonzalez,55,48757,AB,Chequing
6f36c3ba-f9cb-4805-ac94-fa80f219181c,George George,45,136029,AB,Savings
d3adc7d1-6b67-4ffb-9543-b08c415bd5f1,Henry Salazar,18,45830,MB,Chequing
76ecd54e-e4df-4a7f-8517-bac4271f769a,James Wagner,24,142645,ON,Chequing
928c130c-a7c8-46da-a68f-976b268cc5c5,Courtney Stevenson,38,132750,AB,Chequing
4c6d457d-4735-4cd4-9d29-bc870fb88be1,Daniel Lopez,35,50493,AB,Savings
5e6b941d-0b15-47ad-9a7c-11956d5ec3b6,Amy Johnson,72,148632,MB,Chequing
25640179-0acc-4987-b030-378292cc15c5,Eric Meyers,23,148181,QC,Credit
54801ef0-58ea-4c51-af94-77744586946b,Karen Carr,69,39565,ON,Savings
2c91ccc5-2f91-4cb4-b16e-82a5e010c676,Aaron Houston,24,77733,AB,Chequing
5b7eff4e-8b9d-4e07-8095-66520e02abee,Thomas Gonzalez,18,69503,NS,Credit
34f147d9-2013-4ac4-94a1-4a1db7925cee,Adriana King,60,69187,MB,Chequing
cd6945e9-3290-4ed3-8add-8e7913d1f7f6,David Ford,21,129642,ON,Credit
ae7811ea-666d-44cf-b4d8-851486948408,Amber Larson,59,73170,BC,Savings
c14e5cc3-3b86-4da3-aafa-ab129deae214,Henry Harris,49,81054,NS,Credit
0564497d-11b4-4d3c-8b28-a019641cc23f,Robert Russo,72,93394,BC,Credit
e41badaa-83de-49b9-9709-c6acc593b579,Troy Gibbs,65,115004,MB,Credit
dc469944-0b54-4c75-a4de-794eb6c27aa5,David Goodman,70,82875,QC,Savings
a127bc6b-5b8d-43ef-99ad-24ece8a52cd5,Megan Lopez,61,67033,MB,Chequing
4d520ca1-ad20-44f8-888b-c8d0ee6539ef,Jason Adams,59,110754,QC,Chequing
fbf1283e-9bc5-4c8a-b8f4-400586ca6aa9,Christopher Flores DDS,59,102552,MB,Savings
7ddf2fba-3ce5-4f4e-b95f-63d778bcfb3f,Tara Rodriguez,55,77777,AB,Savings
7e19368b-a51b-40dc-881e-187333f68cf4,Emily Cook,35,143475,ON,Credit
381f87c3-2b97-4313-b74c-bdb71ce52875,Julie Martinez,47,138605,NS,Savings
f91a28ab-018e-4990-b7e3-e6f5ac6bc17f,Samantha Martin,57,112310,AB,Chequing
7e6a0feb-69c1-4299-9467-a59ab1882141,Regina Fuentes,55,140978,ON,Chequing
3068d751-42ec-4fcc-bd20-3ae897f27e86,Joe Macias,63,75442,MB,Credit
8d44477d-2578-4176-a6c5-9f5cdb844ae2,Ms. Bailey Taylor DDS,33,67792,NS,Credit
8b41a0ff-9462-4b3c-aff1-a290cd70c963,Paula Franco,49,53327,NS,Savings
62ea1336-2a00-4816-8e33-00a324630a3b,Billy Cruz,51,61043,MB,Savings
52796953-454a-4c43-8646-900c56d9de05,Krystal Miller DVM,58,70270,NS,Chequing
08d39013-4a96-4b3b-99b5-02c8a69df40f,Kristen Harrington,57,67273,BC,Credit
31a248ba-1ec4-4ca2-af0a-57fea06e378f,Cassidy Turner,67,117762,AB,Chequing
c7c1da46-88d0-47af-b7d8-034595437390,Max Holt,57,56322,AB,Chequing
85b27c34-161c-43ae-a2e8-a5ace1245e88,Ashley Sutton,30,57482,NS,Chequing
efe9303b-169a-416f-968d-903f2c6e0691,Brandi Moran,31,73773,BC,Chequing
2effcfc4-4333-4319-b190-239faa79dff1,Francisco Torres,18,54888,ON,Chequing
858e5440-b8c6-48e3-8fb5-cf2ce881a433,Brenda Brown,23,63587,MB,Savings
01b8e3ff-3828-4fd4-acc7-d4dffd99321b,Jeffrey Spencer,51,106586,AB,Chequing
9e6a904f-cdb8-4fa6-80b4-8ff40bc1a8eb,George Hernandez,52,71638,AB,Chequing
c59f40fb-61c6-4742-8ecf-12244b26ce0c,Sean Grant,60,70141,MB,Savings
2600765c-046c-4ae0-aa21-3edd958efd6c,George Rush MD,37,124590,ON,Chequing
b55fea0b-8477-476e-acb6-146de409b908,Lori Torres,49,87225,AB,Savings
f2b42483-a4eb-4ebd-a0fc-87392a214311,Michael Glenn,51,121329,NS,Credit
914f7dab-48a7-481d-811e-6f4feaf26969,Janice Garcia,36,116467,ON,Savings
7b959098-3845-4b37-8c29-d44981d285c7,Bianca Roberson,24,114138,ON,Savings
3ee1b63f-dc3b-4db3-abcc-66ef1fcc1985,Thomas Dyer Jr.,62,122020,MB,Credit
55ad8969-1a61-41f5-a34e-89804d3ac630,Kevin Collins,30,142525,ON,Savings
79cbbaef-7205-4590-8557-7f1c1a2159e9,Thomas Nolan,59,50378,AB,Credit
8da3c18a-470e-4954-af6e-e7376c7b4000,Linda Suarez,54,88348,MB,Chequing
3eae399f-feec-4f98-bb7b-8ed0bef5cd15,Linda Garcia,58,108780,BC,Credit
ce0b2392-e7aa-42b1-8ab4-bbebccaaaf5b,Elizabeth Johnson,27,120494,QC,Chequing
36642b3e-7f05-40df-807f-228a63da6030,Tracy Reyes,26,97568,QC,Chequing
78c27b88-9823-4bfa-98fa-388682f4cfb7,Martin Hill,55,76206,BC,Credit
e1f5cfd3-fb6c-4708-8e66-b17e86cf99c4,Travis Lopez,56,41341,MB,Savings
53d29b66-5bdb-4f54-aae3-e3be71758d37,Eric Brown,37,116301,ON,Savings
f0704142-fac5-46d5-acc2-9f4cef11533e,David Weiss,66,37312,ON,Credit
bd81be22-3199-4c94-91b8-d38f8d7de4ed,Gregory Parsons,54,72486,MB,Savings
0cd9f0a1-63ef-4c1c-9e23-59352af30ede,Allen Rogers,44,134415,QC,Chequing
0d7ea857-95ea-4f5d-bf4e-ea74260f32d0,Kenneth Porter,19,135359,MB,Chequing
710aadf6-8c19-4ffb-9c05-2042e7009382,Patricia May,42,104090,MB,Credit
1a463718-058b-4c5a-8f26-b7f898969c32,Darlene Robinson,47,124373,MB,Credit
37ae4753-24dd-4baa-8e0d-00d47d0cdec5,Tiffany Spears,71,66627,ON,Chequing
d6cb7808-6858-4374-9a0b-312bff2c6e54,Maria Alvarez,31,92236,AB,Chequing
78d18c4c-270f-4346-856c-c30816e0b409,Brittney Park,45,112684,NS,Savings
a7ddbffa-29e2-4114-a6cc-7d2a12a245e6,Michael Richardson,57,79808,MB,Credit
9eb03660-3110-45e6-94b2-73388d5fc4da,Sue Hernandez,60,33685,ON,Savings
3f5bd68f-3018-49a4-bd74-ae9bfd8d7367,Julie Howard,43,56977,NS,Savings
05ff8458-5794-41f0-85e6-88af673df285,Zachary Jones,44,69022,AB,Credit
a7b19561-919f-4f9c-a325-f1b2fc631900,Christopher Roberts,21,105613,MB,Savings
6e49db1b-960c-425a-aaeb-9d1682631fa1,Gregory Anderson,27,147772,MB,Savings
b2a6c535-765a-401c-88a8-80cd31491b7e,Barbara Gill,60,48033,QC,Chequing
4c53383d-5c2b-4947-9b29-4d5cea22b69f,Kimberly Carroll,50,44059,ON,Credit
9a2fbb28-14c0-4fa0-a13b-6ecf533429c0,Diamond Morris,54,42736,QC,Savings
9dee2c43-fff3-46a9-bd82-11861e0a9205,Michelle Terry,39,128670,NS,Savings
dd1c0ae9-96f9-44e3-935c-b4a72f081c81,Emily Edwards,62,83861,ON,Credit
0babcbd0-cdf6-4c34-8ca4-52e42c767e22,Amanda Woods,50,117743,ON,Credit
690b514a-0b2a-4f68-bdb8-802cdc4ff4ed,Ashley Anderson,59,60083,QC,Credit
92acd5f4-1f68-45b8-804b-37dd4da95582,Lindsey Guzman MD,44,136689,QC,Credit
42cb2414-8c6e-4ecc-bf51-7df34d702a7b,Mary Nunez,71,92981,ON,Credit
05e959b5-9a8b-4162-bf52-f400b2796312,Tyler Stewart,58,36863,ON,Savings
0d891e0a-d82e-49ee-8a3d-8283e92c2a27,Holly Martin,38,30399,MB,Credit
c7779c66-f031-4b92-93cb-59909c412cbb,John Rose,32,36650,NS,Credit
370e0ca5-557f-499b-80c7-7a5595b3048e,Joshua Smith,42,137774,QC,Chequing
c333db60-4df2-478b-b8f8-68040f80ad6d,Jennifer Davis,44,55571,BC,Savings
0fb0ca8a-a72f-4a21-8ff6-3ac4c6fdc674,Wendy Flores,58,37012,MB,Chequing
035b86d3-1703-453e-9cdd-97915f949f6c,Allen Johnson,71,128144,MB,Credit
0d44fd34-eb73-4aa3-9af6-f015ba8b55b9,Amanda Snow,30,57189,MB,Savings
bb5d004a-c543-4d03-913c-953dfb96ca92,Sandy Miller,48,88341,AB,Chequing
12dd11e6-848e-4867-8a9b-9c4bc768aebb,Jessica Travis,21,79297,ON,Savings
30a426e7-a6fb-4fb0-b9c1-be3b058d97cf,Elizabeth Knox,31,90481,BC,Savings
e87cf754-9ef0-4096-beac-de5fbdbda1b7,Ms. Rebecca Cuevas,52,67999,AB,Credit
83b93c61-1916-4e97-87dd-77d0cb207952,Tracey Santos,69,101881,BC,Credit
51bd4162-dd49-463c-aa72-f731054a7e5f,Jennifer Dorsey,67,119606,ON,Chequing
9001448c-421d-4403-9137-d30290b856b3,Anna Kramer,61,126812,QC,Chequing
5dfdeba7-4afb-4c40-b3c5-5ea3cb680852,Scott Gould,19,120063,AB,Credit
db698788-f789-48bd-ae2b-14ce73e4794f,Ashley Hood,56,149737,NS,Credit
424cf7fa-1ca0-4cc6-94d5-9ab9a820e4b3,Alexandra Jones,49,86480,ON,Savings
52d997d5-3533-4ab1-b693-2793fc2142f1,Deborah Kane,50,127780,NS,Savings
3f5aa0d6-fdd3-4cd6-8c12-d8bdfbf41358,Emily Anderson,24,126934,AB,Credit
6f62eebf-3bf9-4aa0-a9f5-b3f1d1c8e24f,Kelly Marshall,67,97716,ON,Credit
421c2ab5-9382-41eb-a3fe-ec5056abbc45,Richard Smith,26,78848,ON,Credit
7b7df083-5502-4eea-a775-ba47707a244b,Sarah Sanders,24,119760,BC,Savings
c6b2adb0-30a6-4e79-b610-c474daf405f6,Hayley Swanson,43,95687,QC,Savings
f10b7aa1-932f-4b7a-ae75-dd8dd78e01d1,Mary Flores,37,58118,BC,Credit
01310d05-922f-40ac-a151-d9014da265b8,Jessica Clark,51,125231,NS,Savings
ab59b511-ba2b-4473-8d53-473871de2f38,David Bautista,22,48048,AB,Savings
1a3fd873-a5bc-4d9c-be4d-8685f1917c67,Jose Patel,38,48393,NS,Credit
811f55ef-e8bd-4008-a791-0db728edd4df,Sherri Trevino,64,77655,AB,Savings
078a22c3-3b09-4841-b077-a686f5ec6346,Benjamin Harrell,60,136333,ON,Chequing
b5d1ca6c-b91e-4c0f-8504-e6d1164a2009,Christopher Harris,69,148587,NS,Savings
8b7efa00-75f3-40df-af16-a701afca8b4c,Andrea Smith,30,87616,AB,Credit
dd2ec46b-3091-468b-ad70-d95186a61877,Stacey Wood,25,92784,ON,Savings
1960c00c-24d5-4f77-a5e1-7ad8d1d4a912,Luis Patterson,42,148599,BC,Credit
c15cd20b-ee85-4978-90c8-6336a9e41494,Jessica Lopez,70,35736,BC,Chequing
524f2e23-93a9-4c2e-9b6d-5fe9a76c31b6,Jennifer Montoya,25,42219,QC,Savings
bc9a7089-2ee2-4169-bc2c-0135e74768a8,William Freeman,51,143711,NS,Credit
3782b181-9677-463a-836c-0a1caf851d90,Colton Powell,59,115617,QC,Chequing
efcd0344-70ee-467a-8bbd-4736a03d3ce0,Kimberly James,72,42472,QC,Credit
3e02d905-7fb4-46f5-b461-49b7f60775d9,Kathleen Lee,51,136647,AB,Savings
981a5e8b-bc3b-4860-9e6c-ec9441d72b96,John Jensen,39,74204,MB,Chequing
786ceb86-c963-483c-b6a5-2f92b914e3e4,Phillip Reed,45,86306,AB,Chequing
bcc9794e-6ae8-4cbb-a838-78136b40e522,Allison Cook,64,93578,BC,Savings
64efa8a0-54ff-4599-bc1c-f3f87df5cdd3,Ronald Ramirez,49,58984,BC,Chequing
99638813-f59c-4f29-850f-335a5fe05e97,Pamela Riley,61,84993,BC,Chequing
f6e1959c-80d5-421c-8dbf-2d1bb9d7fff0,Kyle Anderson,64,79897,QC,Chequing
2cf108e9-e2b2-47cc-87cb-814697684481,Cindy Martin,67,94446,NS,Chequing
13a1bf99-71f4-46b3-8399-91776c2fb90c,Andrew Flowers,48,121829,BC,Chequing
1bef9069-7a78-44f2-8e5a-f9efa7c6d5ed,Gary Gibson,64,31339,MB,Savings
225a3463-ed07-42fd-b574-319aff0e7528,Ronald Walker,68,48328,ON,Savings
473b57a4-eb7a-4929-9ef6-5e76a117dd1f,Joseph Morales,54,48267,ON,Chequing
6cea42d2-47bd-4647-b9ac-9c2f2eb1ffcf,Jessica Brooks,54,54316,QC,Savings
13cdb4e5-066d-4a19-bbd6-f77668adb874,Ryan Murray,45,93210,QC,Savings
37137d0e-ffe0-481d-a572-d17dcd927134,Sara Pope,60,85796,QC,Credit
b9ecfe36-259d-4fbb-9dca-3ca0162e36ce,Dakota Peters,21,139899,ON,Chequing
c2959279-79cb-44d2-9e8a-7e84c3e26a8a,Jennifer Roth,34,73778,BC,Chequing
7acdb96d-3f3d-4fa5-b94b-aa09617d9f73,Amber Smith,18,74751,BC,Savings
6dac67c0-e144-4337-bb44-c535bb2e87f5,Jeffrey Walters,44,39403,BC,Credit
05b7289f-4698-44ac-99b4-3507ec303f6e,Jasmine Ray,59,49058,MB,Chequing
0568e9e1-0a50-496f-8a4d-4a6ea0b2014d,Amy Taylor,63,35509,NS,Chequing
81d4d89f-a12c-490c-b393-6fb36d23cbf5,Gabriel Graham,42,53843,BC,Chequing
0c30b413-0d91-4eb1-b2af-374c022e4c17,Joseph Evans,44,94443,MB,Savings
6b58fea1-ce57-4070-82f0-c7fd9293c89e,John Greer,70,65673,AB,Savings
7d19057a-e143-443d-9c13-37cbff812a5f,Christopher Butler,49,86223,ON,Credit
65e02367-fd49-4efd-808d-9edaaff7de89,Douglas Rodriguez,20,76115,ON,Chequing
a34ccbd5-7186-4d64-b312-074a175be248,Kimberly Nelson,61,47897,NS,Chequing
70060ffa-fb70-4acc-9f7c-0d1f7ad0ae17,Kayla Holland DVM,44,66279,AB,Chequing
615acb74-8807-40de-a854-cd39ee7601d8,Cody Smith,68,139494,NS,Credit
fd26ec9f-41de-4f91-aaeb-3cbc5cfe2dc6,Paul Miller,25,113252,NS,Chequing
1a29a092-c1f5-4606-a37f-ff618313674e,Michelle Hernandez,46,68221,MB,Credit
bb85b677-f300-45be-97ad-fbab456c7887,Laurie Oneill,52,140015,MB,Credit
0a838fd2-17be-43cc-b1f7-e7d8c108406d,Abigail Romero,60,134392,AB,Savings
c134be15-3e37-482d-9256-c5fb3af64dd5,Roger Gomez,65,130372,AB,Savings
5891c3de-42c6-4e92-aabe-7af0d43b289b,Melanie Owens,34,140499,BC,Savings
8d4e8abb-69f8-4d23-a8e7-3c8a20be566d,Erika Petersen,30,58060,NS,Credit
174ef7dc-e571-4fb1-8349-cb1736ceafbe,Rachel Hall,18,57359,AB,Savings
f92154e8-6b75-4c45-97c7-ed869a9f7ebc,Shelley Murillo,75,82062,QC,Chequing
eb3bf1af-3421-4296-8cc3-6536af76c237,Matthew Willis,52,69753,ON,Savings
e3b975d9-e98d-4b7b-82b5-5daf07d2d954,Ellen Jackson,27,31470,ON,Credit
84ca98a6-8de4-4d52-9f24-476f1e307dbe,John Rodriguez,21,75600,BC,Credit
9a749bd1-6c28-484b-91b1-a7eff511b21e,Jennifer Byrd,68,60122,BC,Credit
616dd6bb-05df-4075-bfb2-a11f4e2ab95a,Alejandro Schultz,58,138671,QC,Credit
129a1dad-77ae-4cf0-a865-df150dbef638,William Jefferson,59,115169,NS,Credit
0cc7fbd7-8627-4855-b7d2-f828cbd502b9,Kevin Oconnell,18,44598,ON,Savings
b02a30a9-905d-4162-80b0-5eaa617433f3,Kristin Wilson,56,141954,AB,Savings
007e99d0-e841-49d7-afd5-cce9024ed786,Mary Acosta,60,70046,MB,Credit
1398d206-d839-433f-957a-fdf422240631,Ms. Susan Newman,26,128370,NS,Credit
0a1b25a7-9c7a-40a4-90a5-722f3eb7377d,Rebecca Lynch,44,38082,BC,Savings
79c9bf6c-03c1-4579-a7f1-11b91b110573,Kathleen Best,37,130776,NS,Chequing
ee5599c1-1d64-408a-a94c-da69cfce798c,Nicole Christensen,32,58761,MB,Savings
d104d5f5-9c1b-4cd3-8e4f-acfcc6ba8340,Rita Jones,29,79559,ON,Credit
0d42de4b-4cb2-432c-8bba-e721b13d9366,James Gutierrez,65,82100,AB,Credit
6da2c73a-4fcd-4ad2-a285-ca5a65732ced,Brandy Caldwell,67,68278,MB,Chequing
f58dec43-c2bc-4c68-bd55-c16e5646e77b,Dakota Brown,52,40090,QC,Credit
894aff6b-213f-4d34-8a50-df9f28284fc1,Austin Webster,34,91698,QC,Savings
1b7e8315-3ca3-4ce2-8f75-c0c37fcb712f,Ann Thompson,63,101142,ON,Credit
4f2533a1-9000-4e3c-8e6c-c3444f90766b,Larry Shaw,44,97510,QC,Chequing
5c832c80-3993-4b6a-b728-4532001c9dcd,Dana King,73,139595,ON,Credit
692ed561-181c-4902-909b-9ba820aecefe,Eric Brewer,62,96725,NS,Chequing
4fc49539-616b-4ad0-990f-a178540617b1,Jennifer Jones,46,96819,NS,Chequing
5b122bdf-39a3-47d6-9d91-2224c19db2a4,Veronica Miller,18,47726,BC,Chequing
b0e8746d-3cc8-4706-9694-6bfc14ad7795,Pam Ford,43,32754,AB,Credit
a552cd46-6fde-40cd-b3dc-d6e7e36e0653,Deborah Watson,59,32101,QC,Savings
98d6fa72-fc19-449e-8278-9a3e7f5b6115,Heather Perez,57,68734,BC,Chequing
68e3e728-c751-479b-b369-9d76dc1b8968,Theresa Mccarty,61,117373,NS,Credit
20e0afe1-fcd8-4b75-9b77-aa055f1b0ef6,Donald Mccarthy,19,82240,QC,Savings
c88a92e4-7fdc-4cf1-a3b8-80bb04cf09e2,Donna Higgins,18,94648,MB,Credit
03ced0ff-e4ce-42d2-a5f8-dfe9b44e640d,Michael Shaw,36,134552,NS,Chequing
4ef64d18-c14b-4f4a-913a-4f6a6c12975f,Cassandra Dudley,30,55993,AB,Savings
d2767b7d-68e6-4988-97a0-f1393d40dd4e,Michelle Russell,39,125033,MB,Savings
839d9d18-90fc-4b5c-b02b-df8614e4c69b,Rodney West,54,33048,AB,Savings
ed862b88-8a04-4ca1-a7ef-e2070398e547,Ryan Warner,48,141890,NS,Chequing
9badeb8a-3888-45e6-b781-27e5b5787f00,Ronald Riley,39,83870,BC,Chequing
cf350b0d-9e12-4312-b385-e181be3a0bf5,Heather Bullock,68,95416,BC,Savings
ebd554a4-5d06-4084-999f-4d592a082cfc,Anthony Turner,59,52617,MB,Savings
6a4373af-6f05-41b3-8209-e0c2bd0b5531,Janet Harris,22,76494,ON,Chequing
ea3195fd-d95a-4443-b44c-a91c0dfd1991,Linda Watts,54,45591,AB,Chequing
bc0a9f31-4796-416a-a052-60d1bb299186,Shelly Smith,43,44099,AB,Chequing
73f89bfa-d3ee-49ad-ab11-67835ecacaf7,Mark Wright,73,64197,MB,Savings
62b060ae-0468-48fb-9e37-064ffc9ca61d,Jason Lopez,42,119424,NS,Credit
d6ed33c8-eb03-4dc1-b00a-4674568b6894,Sheri Kelly,71,101518,NS,Chequing
7de89b6a-f70c-4b3f-8c78-9c37da10a653,Elizabeth Bartlett,24,84224,AB,Credit
57e082d1-7f34-436d-b642-a75ca366c5b9,Cathy Erickson,49,91862,NS,Savings
76aa108a-aab0-409b-b2bf-923e24d2e445,Kevin Wong,56,38260,AB,Chequing
96cc2b64-f64a-4eac-ad87-35c0b3f2a686,David Rivera,74,82620,MB,Credit
78f784c6-bbd3-4cc7-836c-e167cd023d52,Brianna Jones,38,123837,QC,Savings
7d080071-8439-4606-a78c-c6503b4069e4,Thomas Fletcher,23,62051,AB,Chequing
1b449897-4a1d-474e-814f-17227fc49991,Caitlin Alvarado,61,126291,QC,Savings
45cb488e-cb33-4fc1-9610-e59e70896ded,Jacob Jordan,42,71923,MB,Chequing
780335d2-9fd7-4e28-b3e2-8073a8a0f4ec,Darin Reynolds,71,89646,NS,Chequing
89ab65c5-deac-4d6b-b7ed-379e0f7ae7b4,Jonathan Rodriguez,73,56960,NS,Chequing
f6b9be6e-5b38-4c82-a40c-fdd9f372f411,Alejandro Jackson,35,115200,ON,Savings
aeb5613a-f26a-4eb9-b1ee-65a589b65f03,Erika Ballard,37,51703,BC,Credit
35ca08b8-c3f2-4287-87af-e33446998323,Steven Burgess,56,58231,NS,Credit
4f4ce4aa-b2df-4140-9e83-6998a0f0edee,Kelly Williams,47,92798,NS,Savings
384c4f4d-3418-4c35-94c3-e43bc90d0801,Misty Gordon,71,87000,MB,Credit
4428cf8e-aed9-4153-8b60-333ae186e7d3,Sarah Taylor,52,119239,MB,Chequing
1bed0ee1-5f58-4333-a6be-7deedb88e977,Travis Key,72,137369,AB,Savings
fdcec824-c845-4667-ad49-070fef4e056d,Rebecca Calderon,49,77212,ON,Chequing
65fef8ca-7653-4ae6-b11d-ffc9be432f3c,Katie Boone,32,117413,MB,Savings
905695b3-aa85-4ed5-85bf-fea19845cc14,Stacie Cruz,18,110214,ON,Chequing
b7775398-334e-4bbf-ad07-863e2d7599a7,Sarah Wright,75,58364,NS,Savings
2f999f85-4d80-4fef-bdae-c03e2e0e7baf,Craig Gaines,44,99657,MB,Chequing
68d26152-4634-4cff-b5ea-e4f653c2c12b,Jonathan Lawson,51,30628,MB,Savings
d178158e-e6df-4c7d-9280-43b66da5fb7d,Hailey Chase,23,46614,BC,Chequing
6da9cd92-ad76-4233-8506-b8c6f69d4da3,Robert Edwards,74,59637,MB,Chequing
fd60aec0-6194-4584-a3b1-e9eb135c6a19,Kevin Rodriguez,64,56842,QC,Chequing
1361080f-bcd4-40ce-b70f-d1517de51def,Rebecca Stone,37,108080,AB,Credit
8a801bfa-f3aa-4c23-b095-7bf2b43d8873,Dr. James Davis,33,43733,QC,Savings
6817c78c-f3e0-4b7a-a149-039e0a46302b,Robert Miller,58,30485,BC,Savings
62573c2e-d36f-412d-85ed-3f378ef4d883,Michael Shaffer,39,138582,ON,Savings
569aa997-8332-49bf-9a38-35965bfaf65f,Morgan Powell,62,130128,QC,Savings
ac39a5e3-1337-466e-b01d-96269455f82f,Gabriella Holloway,36,114899,MB,Credit
e48326d6-c6c1-49fa-9ca4-c146f32ba2f7,Carmen Lucas,29,80930,BC,Chequing
88c6ad30-154f-4096-b1f9-c41e745e12fd,Robert Cox,69,97684,NS,Savings
c37d0647-f9df-4d6f-80cc-8248360d6169,Jeffrey Shannon,63,110900,NS,Chequing
925a106f-fa69-47c5-a6a1-e986c300fc59,Jessica Brown,70,113541,QC,Chequing
eda42816-bd6f-4501-8bf8-b1b2ded6a850,Mary Brown,67,146797,QC,Chequing
843e6fd7-b06c-4026-b33c-60419f5f4852,Jamie Roach,74,119212,AB,Savings
d09f895f-cdfa-4f30-b03c-377399c60ef3,Kristin Arnold,19,44493,ON,Credit
613090ae-86c7-4907-b4a0-9b0a2d1b116d,Derrick Diaz,29,140965,BC,Chequing
6d7555da-5bad-49c8-85cd-40eca279d3d3,Martha Williams,55,62533,AB,Chequing
297239ad-889e-4955-b6cd-8afa493e874e,Aaron Robinson,27,37380,NS,Credit
006007d1-8602-4ed8-856b-68a0f99ebf77,Jesse Tapia,19,115544,MB,Credit
5863b668-8be4-4c40-acb3-bc42865593df,Amy Clay,26,121400,AB,Savings
dd75672e-d02f-445d-99d4-ff09d1b81daa,Shelby Hardy,53,124033,AB,Chequing
757decd5-0eb5-474f-bead-be22afa6d2b9,Corey Keith,34,85842,BC,Credit
e0afb5fb-c451-41d3-8d59-34ffd5b3f99e,Adam Wilson,58,64857,ON,Chequing
38012b43-8f79-4808-87fa-7014d8b7ab98,Debbie Villa,27,40351,ON,Savings
6a1b4955-bb62-4434-8a1a-96dc1db986b8,Holly Strickland,30,55906,ON,Chequing
f568c740-2d2e-485a-a408-ce685fece5e4,Jennifer Dennis,52,96364,BC,Chequing
502fd7e9-48a7-4549-b727-ace1db91b235,Sean Woods,57,55634,QC,Savings
860d9c0b-ee09-4f33-b858-6c8f9dbeabcf,Matthew Mccormick,50,77351,QC,Chequing
f5cf261b-a87e-4cad-9e74-f8d8e51fcd9e,Dana Nguyen,30,31384,BC,Savings
11b91be4-ee2f-4686-b0ac-f16355954b9b,Karen Mitchell,32,139089,ON,Savings
025e64b3-8a04-42b7-a1a0-fd071a58df30,Shannon Vasquez,68,123621,BC,Chequing
07e06a2e-cb4e-45de-ac96-a2a6064a1e53,Theresa Page,62,67959,ON,Credit
5ce840ef-8f33-46b6-a868-610ead1333a1,Kimberly Brown,72,117552,AB,Credit
2333fae3-683a-4f9b-8b40-7d10495f44a7,Emily Owens DVM,71,83277,QC,Savings
3d14dd83-9e26-4f21-bf8c-168a5eb0c5f1,Amanda Nunez,41,107738,NS,Credit
614bbe85-a86f-452b-8ce4-719068d49a16,Juan Cowan,22,103681,MB,Credit
ee6157bf-bb8c-4100-82bf-99c4c807663b,James Doyle,69,114966,MB,Chequing
74239bfb-ae54-407a-9048-4457217d030d,Kelly Olson,29,126165,NS,Chequing
610cc88d-78fc-4d6f-b68e-66f9ec8fa8e7,Richard Hernandez,26,130059,QC,Chequing
00f15272-a4eb-4891-8a72-31a27d8f36e0,Christopher Baker,44,123838,BC,Chequing
e5ff622e-36bc-4254-8520-7a0d2f77186a,Lucas Alexander,56,99941,AB,Credit
5427ee1e-d842-45d9-8f9a-98478cb7bdd8,Patricia Butler,65,145763,AB,Credit
3995c5ef-19d6-490c-9a8d-26ac58beb891,Kayla Jones,19,77887,ON,Savings
c4e95064-7ece-402d-ab2d-d53b1e0f30cd,Maria Campbell,21,44924,MB,Savings
51c1f26c-6019-4a6f-a4e9-ba6c5659e2b5,Robert Chapman,71,140929,MB,Chequing
3b2352eb-9473-4444-a1b8-72f8a77bf74f,Joshua Roberts,55,138822,ON,Credit
895a5a63-3e0d-4efc-8578-86268b89739c,Parker Levy,75,125490,BC,Chequing
b2712383-2dc6-46cf-b4b1-664adabe3a02,Karen Howell,21,40691,QC,Chequing
fe4ed377-c02f-4c19-940a-25405d53279d,Mr. Michael Russell,42,78068,NS,Savings
36777492-e532-4f1f-81d2-99b4ef094155,Sara Jones,74,107237,NS,Chequing
2379e5df-15c5-4886-8c03-f61b3450bad3,Melvin Murphy,75,68061,NS,Credit
0932de19-29e5-4dc8-be95-eb69e3eccbe7,Whitney Tucker,30,62419,BC,Credit
eae419b4-cd0a-4cbf-a41c-4f8c5d93506e,Darrell Johnston,62,123358,MB,Savings
42c81969-2686-4400-9365-ae44c979dcad,Emily Ballard DVM,20,81079,AB,Credit
6e683c2e-62a0-433f-bb98-20c7027626d2,Brandon Murphy,49,58346,ON,Savings
1e996789-ac3c-4e3b-950a-8728255db9a2,Jonathan Arias,57,136168,NS,Credit
1d1c1d8a-c479-4773-a3a0-83607277405c,Mark Curtis,60,122942,ON,Credit
2b22b05a-bbed-4026-9250-fe6177f04591,Rebecca Hernandez,38,135780,ON,Credit
0ee1fc82-2ace-4c8b-b382-99c56b3ace59,Todd Lowe,71,111701,NS,Savings
40acb9bf-e2f8-4b52-b8f8-f14d34d5db83,Dawn Evans,25,55122,MB,Savings
881df84f-83b3-409d-9108-cbc983f88b28,Troy Ashley,55,144968,QC,Savings
78dee73c-d805-4f83-a299-21a18e92f5d7,Dustin Hodges,32,99044,ON,Savings
c388445e-a074-4473-ba5f-7ca0a5c151f1,Nancy French,34,115891,AB,Savings
85a51fd8-0f75-4b88-8379-7dc1dd367c6c,Deborah Cole,52,106735,MB,Savings
c9147e13-4b8e-4145-ad90-41c2b6701fc8,Mary Smith,38,56266,ON,Credit
c91b4a38-9a08-40ff-b632-d23375511986,Lee Berry,57,99186,QC,Chequing
78057b7a-47fa-4478-832c-59beca9236ed,Alicia Lawson,74,67646,NS,Credit
272d6a5c-d67b-4c08-a037-6e1f8805cd01,Sara Stewart,22,142054,AB,Chequing
e7ae28f3-917e-495f-9cac-5e50363a8e01,Donna Gutierrez,33,85054,AB,Chequing
b5f13ded-84dd-47fe-be6d-ea286ae04795,Jon Bates,20,31197,MB,Credit
15feac67-f356-4a9f-983b-94e080512fac,Chelsea Crane,19,129048,NS,Credit
cfcda5df-3ddd-4e8c-80d3-db48c296f0c0,Aaron Johnson,54,137230,AB,Savings
589546d4-f504-442b-8c42-a5ff9009abb8,Terry Haas,25,57833,MB,Credit
8aa669c7-1d57-418d-b054-85943ce3bf6a,Charles Stevenson,61,32356,NS,Savings
b4484d8f-06d9-48fa-a9bc-47185bda4a86,Jasmine Garrison,46,148396,AB,Credit
6b273511-8982-4def-80a5-130a68a2b06a,George Jones,18,122688,QC,Credit
8ffbb7e7-7338-4dc8-ae83-cc4ba0d922d5,Johnathan Berry,55,124974,NS,Chequing
b7a7f969-a066-4dc9-9c7d-0a9b781d2d2c,Kaitlyn Parrish,59,79539,BC,Chequing
6c895dd5-770f-492d-b84d-2cfc590ade71,Patrick Clark,33,96217,AB,Savings
0bb6bdcb-6534-435f-8d86-956a4c0e82f8,Christina Ingram,44,123986,AB,Savings
7612b970-c9f5-45e5-867c-5c32ec751774,Lisa Ballard DDS,67,115159,NS,Chequing
3d0e40ce-c1c2-4d1c-90f3-108ee629d6c3,Steven Lewis,57,32777,MB,Credit
2d80442c-2100-4b1c-acaa-eaa667d467ed,Michelle Ayala,64,88154,QC,Credit
51381c12-6e8f-449e-a396-bceec1603dac,Debbie Miller,34,80583,BC,Credit
dc9b539d-b141-4992-b994-f91ab72f3f53,Ryan Mendez,46,30731,NS,Chequing
37babc34-6363-4a04-aaba-fec71a694437,Richard Walker,73,134954,MB,Chequing
de9d928f-57cd-40ac-905c-2ba754b0871a,Michael Chase,28,63832,NS,Credit
8fd4b7b6-fe52-4bae-a10f-eef4dc019b70,Monica Peterson,47,50238,ON,Chequing
2438b24b-9c8c-4524-8f26-876bbeee5676,Theresa Anderson,46,89247,BC,Chequing
2ea27860-99e4-4dff-8301-67823558a043,Angela Mills,72,59889,ON,Credit
31495faa-b275-4755-9b72-566f51cf73f4,Penny Carr,39,127597,ON,Savings
cb123698-9f75-4e3d-9b4e-4853a6d80654,Jonathan Anderson,18,32707,NS,Savings
3af7f2b1-6257-4b49-a8df-3ba378a2773f,Teresa Bennett,66,43529,QC,Credit
4c415f56-9d6b-4575-9fe6-b5355f922d8f,William Martin,61,125384,AB,Chequing
ed324747-c30c-4c30-80c4-032c1c5c1edc,Ronald Byrd,55,102558,ON,Chequing
a8090353-7260-4a12-bfd4-1f09bcf95b7c,Andre Carroll,58,44935,AB,Credit
46b0c56b-e3d7-46b5-8e26-312935c37b7b,Donald Lowe,25,115844,ON,Savings
8ec5cdb6-64a3-4c36-a4a2-7262755577f7,Brandon Ramirez,36,69779,NS,Chequing
c4777a4b-c4da-4132-8ca5-d66579487884,Daniel Smith,67,149712,AB,Credit
4d307a4b-64cc-4408-b63a-0cee1e5b22da,Stephen Miller,20,92622,ON,Savings
f833add6-0115-4924-beba-7d507d302f96,Yvonne Williams,33,86791,QC,Chequing
32c5fc43-7529-4d9f-af7c-ce5c26873700,Cameron Herring,41,87654,MB,Credit
f0c8003c-38fc-429d-a891-2944ed7cb53d,John Hall,71,57209,AB,Chequing
24524cb3-7520-4a52-b6e8-8d435581619a,William Porter,27,112211,NS,Chequing
f1f1749b-9bfd-42b8-af8e-4820ffaaae83,Austin Nichols,35,79371,QC,Savings
f981086a-6cf8-48ee-b989-deb8df85f702,Scott Walker,50,81363,BC,Chequing
6faa1872-9489-4f52-b41b-e74604ca1eb8,Cathy Barron,31,71304,QC,Chequing
4a3a33cc-a9ce-41e2-9d77-f9b557874e11,Andrea Lopez,35,137595,NS,Credit
a90cbc07-ac4f-454f-8e33-c94a0c6ba374,Gail Myers,40,79286,NS,Chequing
b98d0d80-bff7-4c03-a5b6-02b1192f1276,Kevin Martin,42,144775,QC,Credit
d96912a2-796a-44eb-b669-540d1ef22313,Charles Benson,46,86069,NS,Chequing
aff24768-06d5-494b-9f52-8140bd6c9751,George Lindsey,72,133431,ON,Credit
15d96075-0df0-4bf5-b5ec-b000d8d95166,James Butler,40,136083,AB,Chequing
cbaf84cf-34e6-46b9-a2d1-f3e609236797,Norman Lee,65,118303,AB,Credit
057ae0aa-d1bc-4822-9dfd-249fe9adbf8e,Lisa Floyd,46,93597,BC,Credit
d1765c6c-5a6c-4004-9882-c9bc74de4678,Johnny Johnson,66,88250,BC,Savings
5903afc9-f186-4d8d-9887-37790fdf33cd,Michael Price,50,115959,ON,Chequing
82287640-4d8c-4bc1-8f4c-fa42089ffd98,Brianna Thompson,66,148364,NS,Chequing
57bce4e7-02c4-4068-bff3-673e1243d421,Miss Raven Harper,43,124578,MB,Savings
631c1a3a-a9af-417a-bbdd-1d6181101504,Zoe Wilson,57,113565,QC,Chequing
ff2db044-aa09-4b25-b96d-fb31ee153976,Shelley Best,32,86048,BC,Credit
2df75788-f7b9-4845-b38d-17ba62475a6e,Rachael Perkins,25,105819,ON,Chequing
45240cfa-87d6-4318-8c1d-e038e49cd626,Laura Fox,55,92778,QC,Credit
fd4f2b2f-30fb-43f3-a1a9-b9317320c8f5,Jeremy Sellers,23,33855,MB,Chequing
40d0ad99-b8ba-4f7b-ae15-f51ffa130e2c,Susan Fuentes,36,72678,AB,Credit
136c8174-cabc-455a-a923-fcd9005b1479,Daniel Pratt,59,85627,QC,Chequing
ce8bf3e5-8baa-44d1-a49e-dbc90cea2de4,Ariel King,34,142619,QC,Chequing
c1fdc888-ce56-4c8d-86ff-989ce1527b23,Mark Stevens,69,112381,AB,Chequing
f65c2c57-bd6a-43c3-92d7-e2f9873d738e,Mark Cooley,58,126770,AB,Savings
d6907ba7-12ca-41dc-a54b-f655b8460490,Elizabeth Nelson,70,123186,BC,Chequing
dec3a126-456d-4925-9339-c7d56764e6f4,Kimberly Hancock,26,139788,AB,Savings
573c62b9-b3d4-4075-b198-da9a0fc4f6b8,John Morton,23,118408,QC,Chequing
8e56c302-cb7a-4e6b-acf7-ae7356fd83f1,Jacob Welch,41,114040,AB,Credit
e19c22bc-6168-4b64-a323-f181accff514,Tonya Johnson,67,42045,QC,Credit
f77dce65-b687-4437-9377-d1145b6109e7,Michael Cooke,67,97333,BC,Savings
47e36ea9-8172-446f-b93f-bd89fa50f39e,Kelly Bond,58,45990,QC,Credit
c07f842d-00e0-4020-b3ff-c017612a4a67,Robert Davenport,21,63054,BC,Chequing
49d475c1-6655-49b1-ad44-91bf594ae21b,Drew Best,62,38965,AB,Chequing
fe6dd306-0d9e-42ec-8854-2820f76aa0b2,Joshua Black,44,60609,NS,Savings
1554a7e5-505c-4282-a0e8-1cf6baf01d3c,Tina Johnson,36,33042,BC,Chequing
92bbc32a-8b67-4666-a588-584c8c1871c7,Samuel Carter,75,34538,AB,Chequing
79ece505-bff3-458a-a786-5b77a994fd17,Rebecca Brown,43,76813,AB,Chequing
50d7df45-abb4-438f-a85e-03d8a1076b12,Michael Murray,75,111704,AB,Savings
7ffc8e8a-e78a-4d7e-99c2-95654929d524,Abigail James,30,36836,BC,Credit
3600f319-ae79-4c73-b63d-3f599424434a,Wendy Vazquez,71,62507,QC,Chequing
b423a532-d03a-4580-b5e1-dd5b83b261b6,Beth Mcdaniel,54,121651,NS,Savings
3ce21e7a-ec12-446c-851a-75c9f3aa0db3,Mark Roberts,41,133638,ON,Chequing
5770a06b-a0a1-4072-bbd5-960bd2864811,Dylan Castillo,30,135520,AB,Chequing
35de2427-a424-40ba-a1f8-6761077343e9,Seth Martin,62,147306,ON,Chequing
3879a887-81d4-4a6a-8215-184ca979b76d,James Mclaughlin,53,40186,BC,Chequing
217a7421-c6c4-408b-90c7-9297ce8eb236,Ellen Rivera,45,81288,QC,Credit
1fe07e63-7599-46d0-81f8-e2da483de8fd,Elizabeth Singh,54,59712,QC,Savings
a85ce367-29ce-4418-98bf-d6866407fc54,Sara Allen,49,104822,ON,Credit
c217333c-8fd5-41e8-a0a3-7ce2412734eb,Scott Rice,50,30902,BC,Credit
d6634bf6-5965-4651-b7ea-2f7f9ea4e96b,Frank Arias,33,64339,BC,Credit
1e8e0d62-3517-4a46-8e35-4be2ac57003a,Deborah Davis,29,120645,AB,Chequing
c22ec74c-4ca5-4456-bb5e-6be7d44f55d9,Ashley Alvarez,41,77229,NS,Savings
cb589329-f638-461b-be20-7e90d1536c02,Jonathan Castro,61,89801,QC,Savings
f7893dc8-2927-4bb6-b5d9-70b0ef379834,Connie Hernandez,33,47430,AB,Savings
63884352-233c-4bde-b875-5ba3e4974ac1,Ashley Thompson,51,120617,BC,Savings
f4f8fa22-e73c-496d-90a1-f1f05c7173fa,Debra Irwin,67,133932,BC,Credit
2ff9e28f-0c26-4118-b418-e2c6a06b6bb6,Mark Carter,63,105776,NS,Chequing
2061a9dd-cec8-4f19-9a8f-72a795f9049e,Michael Knox,61,71404,AB,Chequing
5019ff8d-8c26-45dd-a1f4-4683d796f1f1,Bianca Walter,33,59967,AB,Savings
b75cc8f2-0db3-4b17-8a73-ab0403e96ff1,Molly Brown,39,105405,BC,Savings
9cca2954-1f5c-4b6e-8d71-e2535b8e3824,Matthew Martin,35,81249,ON,Savings
47185b1b-54fa-4e05-9b2c-4157cecb1606,James Gonzales,38,52586,MB,Credit
d053ef1d-a58d-48c1-848b-1a3df15d49f2,Cindy Lee,72,63092,MB,Credit
bc8f86d2-e59a-4c5b-979e-278840ebf55e,Thomas Glass,63,123041,AB,Credit
44f94b05-1b16-40d7-a8bf-dc7c61414e95,Jennifer Barajas,69,107331,QC,Savings
d5adca43-4885-45d1-bcdd-59c7c7a90cd6,Cynthia Garcia,67,102893,ON,Savings
05155139-b000-4a46-a172-0c2b4dd81363,Matthew Johnson,45,37948,ON,Savings
c8a4a899-cbfe-41d4-8d2f-06112f6f9857,Jerry Thomas,43,124830,NS,Credit
2d1ee750-6900-4399-9d94-d1aced9286c7,Eric Wu,41,141786,QC,Chequing
13b37b53-3c27-46ed-b128-00f06823ecfd,Anthony Shepard,34,125173,ON,Chequing
0bec7f6a-3434-418d-b298-c84909e01192,Joyce Smith,51,92847,AB,Credit
cf965d89-d757-4ddd-81ad-f3d86837842a,Catherine Lopez,59,89065,ON,Chequing
417d2e5d-3d75-4465-af35-061aa7288f4a,Lindsay Gonzalez,75,38976,AB,Savings
b80c9ae8-987b-43e5-b20e-c58e2771c37a,Andrea Campos,20,55529,BC,Credit
b86caf84-3044-46d7-8ab9-514a09f922d6,Bethany Bryant,22,139836,ON,Credit
3009374c-7e33-41fc-95b6-1bf4929254d3,Thomas Wilson,30,81451,MB,Savings
df352ac2-0f13-4b94-9722-d4bff8d3883d,David Bowen,64,130956,AB,Credit
7a351b9e-ae54-4658-ab0a-83b91dc64dae,Joshua Roberson,71,45146,AB,Chequing
f1447091-915e-4295-84a5-f7d6edcb91a4,Lisa Reed,56,94568,MB,Credit
43619257-7117-48a2-ad2b-21e952809c7e,Kevin Medina,56,73487,BC,Chequing
f4b4bf17-9e62-492a-bd65-96a1842c83d2,Kyle Carter,51,80361,AB,Credit
0d7377c9-d94a-4200-b697-5f59a988cd66,Charles Collier,61,120690,BC,Chequing
5df826b7-5a8b-4389-91e8-6353066dda7d,Rebecca Austin,41,57978,AB,Credit
8e0d5c40-1a2c-40dc-b777-3f0278469b04,Lisa Davis,73,117159,NS,Savings
710ca7cf-56fb-4bc4-a4c8-00bc15205f87,Theresa Sanchez,69,89934,BC,Credit
f517b9aa-d28a-4217-a143-bd03feecfc74,Sarah Sanders,47,105284,AB,Savings
8462989e-661f-44f9-b0f7-60b1cbe15413,David Manning,50,60235,ON,Chequing
1f8f9092-5ea9-4a45-a868-5967e3dcc941,Jeff Stanley,24,84075,ON,Chequing
cf18a8cb-1867-4bee-bd58-cdfe18bd5c26,James Meyer,51,114224,MB,Credit
21b0a920-8ac3-430a-9cce-4724377dc820,Maurice Stewart,59,38798,BC,Chequing
1b0ede5d-36bf-406c-a61c-f7e629816d70,Connie Strong,21,39112,ON,Credit
5e92a7df-451b-4fa3-8175-175e1ee72589,Susan Allison,32,125349,BC,Savings
01331535-b543-4e38-b04c-5fe93274cc8c,Janet Thomas,48,37163,MB,Chequing
ac55a88a-f17d-490c-99ee-527ce7eee877,John Blevins,73,45167,BC,Chequing
2fd68e5a-b985-4a72-bfe9-526a3ff3d87d,Samuel Perez,44,141426,QC,Savings
93d6f510-ea41-44c7-ac67-671da7a0b632,Patrick Morgan,67,35698,AB,Savings
6961a2e6-08a0-42ca-b426-d31b0b9a7d3e,Mathew Romero,75,121221,BC,Savings
1fa8f42a-3a22-421d-a469-ef1817081057,Patricia Edwards,27,90572,NS,Credit
ebb66220-b0ce-4284-b72d-5b8b811dbae6,Sharon Haney,42,52459,BC,Chequing
647f1ed0-6ebf-4164-9fac-8775b33372da,William Ramirez,40,115469,AB,Savings
12707f61-fb11-4e11-af9b-5000a80eb306,Aaron Pearson,57,90852,NS,Chequing
40bd6931-b7d5-4f88-8fbf-b11f76c566c6,Stephanie Osborne,44,30094,NS,Chequing
475a250e-3d21-49ab-9b54-844d10870045,Cynthia Lee,48,104807,BC,Chequing
8d9b26d7-4dbe-41fa-af1e-3fb6441315ee,Andrew Glenn,27,71052,AB,Savings
936dd8d5-aa03-44ed-9baa-c3c7f96b0efe,Jason Ellison,61,105743,QC,Chequing
2eddbcb4-30d7-407d-80f1-b7262918e21e,Christian Smith,69,60911,AB,Savings
80067905-a677-4226-a4bb-4e16258dbe78,Joan Thomas,27,82906,ON,Credit
607562a9-314e-421e-88e1-ca13241d4d6b,Dana Holland,31,86907,AB,Chequing
2d06ed5a-c8d5-4223-9556-f7a20d73ec1b,Andrew Smith,61,123041,ON,Credit
aec97520-e30e-48ef-81c5-ab972134f7fe,Jay Zimmerman,18,76816,NS,Credit
671a89a4-d29a-4feb-a08c-247a6b04d234,Michelle Hall,38,50295,MB,Chequing
785ab04f-c2ed-463a-af27-8c39a5a10a6d,Christopher Jensen,23,40704,ON,Savings
92d06c8b-c9bb-4c3f-8c28-490062f9988d,Jacob Luna,73,143977,QC,Chequing
61b05720-e8a4-4dfb-8c91-706997accd27,Glenda Sanders,21,70411,MB,Savings
7cec06a5-a936-498d-8763-5bb43a4c5c35,Phillip Guzman,64,91818,MB,Savings
2491c158-de26-4ac9-a3ce-b232541e5fb1,Christopher Davidson,34,145184,ON,Savings
64e79476-03e3-49a6-bad6-f2b4b7a659c1,Tracey Payne,21,52526,ON,Credit
c3acde45-6eec-4fdf-9aea-9219877c9888,Kimberly Wright,21,126819,AB,Credit
eb8ce32a-a286-4bf4-a31b-79b9bc724aca,Nicole Miller,53,122934,MB,Credit
fa12a001-f755-41b5-bdbd-fa770367b563,Anthony George,35,73752,ON,Credit
d5c36c25-5243-4d1c-8651-a351ae642ff7,Jennifer Bailey,74,90286,ON,Credit
c483ccc4-7dd5-4353-b916-2df5262cfe69,William Harrington,69,89703,AB,Savings
59b78498-0e90-40f0-ad37-6fa96e7d1c67,David Klein,66,108272,MB,Savings
878f4668-7b37-43dd-96a8-fddd96cc07ef,Heather Allen,57,35548,AB,Chequing
c6a6e978-d805-4864-8591-c16930ee8c5e,Linda Howard,46,133190,AB,Credit
1ffdde88-8be5-432a-a536-c8a24321ae60,Ann Brown,59,98051,AB,Chequing
31ce13ce-8a3a-4400-bea6-a8b20b7d3e64,Beth Richardson,31,109614,ON,Credit
74ed32b8-4347-40aa-b4bb-6d23dcb3dfb2,Regina Carr,45,78672,AB,Credit
99798eee-586b-49fb-ac42-5ac125128f7f,Michelle Coleman,29,92844,NS,Savings
cb3381b8-493b-4429-a6e0-70d9c4476c64,Melissa Waller,41,77920,QC,Chequing
a19086b7-1d14-490f-976b-60c99ca294b2,Edward Diaz DDS,54,107548,BC,Savings
5552e7e9-1f69-470f-817c-0d6e10bf3bd1,Jeremy Chavez,21,90896,NS,Credit
723436aa-1df2-4926-b564-e58831dcbfc7,Elizabeth Riley,71,78367,QC,Credit
0059e47c-eafc-407c-aac1-5eb438cda3ce,Whitney Dean DDS,44,79066,MB,Credit
769d59f6-324d-4c8d-951d-9c8825e2fbc3,Jennifer Porter,70,49987,AB,Credit
e2bfd0eb-c5c5-4254-a3cd-b2b7410693e2,Douglas Lopez,43,126501,ON,Chequing
cf6d3e60-ec6b-4c8b-aa0d-9fb203bf7c80,Steve Ball,18,59781,BC,Savings
0d4022a0-4f25-4fb2-91b1-d4eab8d0fd4d,Kevin Turner,60,121640,AB,Savings
814f4f0c-b3b8-49d0-9c1b-b67377cbe7c1,Deborah Donaldson,65,64470,MB,Credit
708030bd-34cc-45b3-b4fe-c34f9a162799,Robert Herman,56,128715,BC,Credit
c517ff3c-399d-49b1-bb6e-758c8a566720,Jeffrey Lee,47,124841,QC,Savings
b381539d-b90d-49de-bdbb-9df9cc860c1c,Jeremiah Carey,32,128179,MB,Savings
19f63264-7c28-4f4e-a031-126da542d4fb,Carla Ramirez,62,139968,NS,Chequing
030240de-c396-44f2-aaf3-4b54c2bc8563,Shelia Lawson,23,35849,AB,Chequing
2bd1df46-8fc7-4d85-891a-eaf12e0d11a2,Colin Lee,73,139800,BC,Credit
10503494-61e7-4edf-a5e7-3ce07a30cef5,Christopher Freeman,74,59256,NS,Chequing
7ca84b0c-f34d-44a3-954f-f6ebe87bfda3,Michael Sanchez,42,114423,QC,Credit
1be1cec8-d05e-45be-bd80-c623a5aff4b0,Joan Johnson,47,82175,MB,Savings
65149930-5305-4b91-8008-74d84f001ae8,Marcus Jones,44,86640,ON,Chequing
81400f50-294e-47a4-a27a-edeb900d8a7a,Lisa Alvarado,28,130171,NS,Chequing
6b709135-93ed-43fe-a065-af8c15ae4077,Kayla Meza,58,79620,NS,Credit
b6796541-ffd5-48b3-9aef-cda86d4c58df,Matthew Oneill,33,33046,QC,Credit
f11d7409-4e97-4704-a991-867119768cbd,Jonathan Carr,29,108909,BC,Credit
96942478-0933-40dc-b8a5-e1e99eabe369,Eric Petersen,45,101409,MB,Chequing
cc513f85-d756-4d11-a054-c48c1e18895a,Michele Moran,36,35994,ON,Credit
8e90bc93-71c9-494f-a3fb-6ed99d2a3263,Thomas Wilson,56,49528,AB,Chequing
8fb8c1b1-cac2-45fc-a6f3-d80b8f04f407,Jill Schwartz,59,139960,NS,Chequing
eafee2d9-f56d-46ad-9af3-f4a8759d4c65,Elizabeth Arroyo,34,137963,AB,Credit
c223087d-b213-4da0-9827-ff5143f375d6,Lori Olsen,66,103751,MB,Credit
ce0f700e-0a8e-4a86-a69c-295af9fac8a9,Michael Love,56,88800,MB,Savings
082e6f1f-ee80-457b-870b-3bca382f291b,James Gonzalez,46,109944,AB,Savings
6c94ac1c-0d50-4618-9470-93811e4d52e6,Michael Newton,62,60427,AB,Chequing
08864ba0-dec0-4487-ae93-cc691713881a,Barry White,67,54162,ON,Chequing
c3eb0d0e-bc5d-4fc6-91f9-40f53d9b110b,Teresa Scott,27,104759,QC,Credit
e9847929-7ea8-458a-b7db-1dbca6ae7ca2,Doris Marsh,49,145179,AB,Chequing
d4996095-5ed6-4836-b29c-bd5457ca9dd7,Amanda Silva,41,110283,QC,Savings
76c81bb2-25b0-4749-9300-90233e938dc0,Jason Oconnor,75,110116,NS,Savings
63a2b117-071f-4f10-b2c7-6b9879dd06c7,Leah Murray,73,129900,AB,Chequing
4570d517-4f33-4e97-87f3-8cdb9ed0635f,Carla Young,32,91777,MB,Credit
61266a93-5082-412b-bfb1-c4918b60a247,Katherine Baxter,53,60392,AB,Credit
7de79411-640d-495e-86e9-cf499eb3d5e4,Jessica Smith,74,131594,QC,Credit
6494f324-440d-4535-a985-828f8a46d6bd,Angela Fritz,52,142935,AB,Chequing
5771e6dd-b1e6-4af2-87e8-9cf926d1bf84,Marcus Costa,65,79202,ON,Savings
5525d8e1-68b1-4e80-aea9-38d392a34b0c,Kenneth Hall,23,68195,ON,Chequing
275305e4-b2c2-4ddb-a1c7-853d2020295f,Bailey Jones,34,129866,MB,Credit
0fd25ab2-68df-40a8-b396-21e4b037a59e,Laura Martin,35,144411,NS,Savings
fbfe1b67-7189-4bc9-b339-c30ab817dd44,Kristy Harris,67,132149,MB,Credit
29f7d6b4-0de1-4eb1-bc1f-4bd4d5cf760e,William Johnson,24,96398,AB,Savings
bd4db82b-38b4-410c-b8f3-ec086cb49ddd,Jamie Williams,31,49428,QC,Chequing
5cfacf05-5d53-40f2-9cca-ba20272ae01d,Beth Kennedy,63,132600,NS,Credit
66225009-9de9-456c-9ee3-2a2929ab39ac,Pamela Sherman,53,144756,AB,Savings
3105fe9d-71b0-4edf-97e6-d1bd3b47b1ba,Rachel Powers DDS,57,72668,AB,Savings
5d8e5508-0d07-44e2-8bde-6d0b81a3d401,Jose Jefferson,29,106425,BC,Credit
9c981b27-7bc3-45f2-b761-70942743cd74,Melissa Meadows,57,33885,AB,Credit
1a5b0afe-5ebe-49a5-9470-ce403dec85ea,Julie Mccullough,32,121610,ON,Savings
a96ab343-d81f-4aae-b247-fc7f8a08bc43,Joseph Lopez,38,33247,ON,Savings
9a0b6f36-47b5-455b-a5cf-0f268403ca53,Karen Bell,51,36966,ON,Chequing
c1c26df5-447a-4245-99af-dcfa9cfb59a7,Richard Schwartz,39,127630,NS,Chequing
33b4f1ca-2189-4d27-9f5d-c95739c362c1,Alyssa Singh,63,83987,QC,Savings
a65ade7c-9e47-4b84-bad9-8ec38b2b6380,Robert Clayton,27,52915,AB,Chequing
424c4572-f646-4e44-9c89-8bdd8c7de91f,Jeffery Blackburn,73,58357,QC,Credit
8568c48c-c199-40b2-8920-9669bc553804,Karen Hendrix,70,104035,NS,Chequing
de2abd92-e888-422b-be10-53c72ffeafa3,Samantha Smith,20,35465,AB,Savings
3aa58e2a-7b00-490a-b5dd-42bf86631edc,John Acosta,73,147147,ON,Credit
2be30297-5edd-4571-8942-4ce3a16ea1b2,Derek Webb,20,59854,ON,Savings
f8d07cb7-ca40-41ee-8a1c-ab4396276c0d,Robert Mcdaniel,19,142018,MB,Credit
52fe63d2-e3af-4d27-99e4-26823e1928bb,Andrea Blackwell,52,133709,BC,Savings
c84d77de-24ca-43b3-963d-69a1377d530a,Michael Green,29,131166,ON,Credit
b448c382-6f76-4cff-9546-371d781970c8,Jennifer Schwartz,53,117639,MB,Chequing
8f29f0a8-06e4-43b6-b264-8b960d48f35f,Gary Fuentes,68,87433,ON,Chequing
bd0563fb-0559-4ad0-b283-4116f085d7d6,Alison Young,25,121531,NS,Credit
abbdd51a-834b-4fa7-b85a-15930afdaa3b,Roy Johnson,58,37923,AB,Credit
cc8cebfb-dbe0-4634-b0fc-fd0785e267c1,David Barton,35,135687,AB,Chequing
14792735-c6fc-4e3b-81bb-0f7f33d920db,Edward Taylor,55,149426,ON,Savings
5ca8b4a0-fbab-46c3-8882-07b2a5a10832,Susan Lamb,33,135680,QC,Savings
09bf448e-8fe9-49b9-92ae-5d4602614e51,Sandra Brown,73,33967,NS,Credit
5053f0b1-cc9a-45b5-8e7b-e2d1174b9386,Brett Morgan,58,131855,BC,Credit
478a6247-24d7-41b8-8762-58b33ae1a100,Jessica Moon,61,127498,QC,Chequing
12869cb2-25fb-471c-b780-c59e7ab5c54a,David Johnson,43,128960,NS,Chequing
6881e1b3-f5dd-4ed9-bd52-d742654df681,Patrick Nguyen,48,120043,ON,Chequing
fc2df16c-f2de-468f-b518-11a40caec29f,Heather Moore,49,123984,MB,Chequing
be2c3421-0c99-447d-8015-42ab43b4d8dd,Emily Wilson,19,123672,AB,Savings
50b6a486-6ba5-43a8-87e3-b24395dfecad,Jeremiah Hansen DDS,30,81163,ON,Chequing
2886bab2-0759-4d73-bfde-bfd4e8401d2f,Daniel Middleton,52,66290,BC,Credit
68835389-2da8-499b-a1fa-2e0c8a26cd3a,Autumn Hayes,33,67300,QC,Savings
d1d437f5-eec0-4b54-819b-3195e174b314,Parker Benson,65,110358,NS,Credit
39627b38-f397-4e16-933a-1699aa6034b8,Justin George,53,93594,MB,Credit
8d46961a-6adf-47db-b2b4-03d4cf1a4b8b,Mark Williams,31,46232,MB,Credit
1ded2ab2-938b-4b7b-83b5-f49a6f4ac50f,Brett Cross,73,138132,ON,Savings
8ecf170a-b2dd-4994-a65c-7ccee086e7b3,Michelle Lam,22,50247,MB,Savings
2589beb2-d536-48bd-9836-52f33c1d2561,Henry Anderson,33,89199,BC,Savings
20d34e01-dac4-4174-978d-54ae11b714bf,David Blevins,32,108903,QC,Chequing
8350f936-3da7-49ee-8bd1-d07c787085c2,Andrea Moore,59,127631,ON,Chequing
fb4d4578-8b93-40b0-b44f-7fdb29a3dd80,Matthew Tyler,51,58747,BC,Chequing
e86af50a-60fc-446c-af24-a84fa9dd33e2,Mario Santiago,32,88988,BC,Chequing
